{
  "$id": "1",
  "$values": [
    {
      "$id": "2",
      "TransactionId": "f2361ee6-9ef8-4555-9da1-1e669ca085cb",
      "TransactionType": "Transfer",
      "TransactionDate": "2023-02-28",
      "TransactionTime": "12:00:00",
      "PriorBalance": 15000,
      "TransactionAmount": 700,
      "SourceAccountNumber": 14701262,
      "TargetAccountNumber": 14701262,
      "Description": "Transfer from checking to savings account-(TRANSFER)"
    },
    {
      "$id": "3",
      "TransactionId": "7eed57a6-9ab9-4b5e-8495-8cdbe336ae4f",
      "TransactionType": "Transfer",
      "TransactionDate": "2023-03-31",
      "TransactionTime": "12:00:00",
      "PriorBalance": 15700,
      "TransactionAmount": 900,
      "SourceAccountNumber": 14701262,
      "TargetAccountNumber": 14701262,
      "Description": "Transfer from checking to savings account-(TRANSFER)"
    },
    {
      "$id": "4",
      "TransactionId": "6073bd61-bc13-44ae-a1e1-37656f43eff7",
      "TransactionType": "Transfer",
      "TransactionDate": "2023-04-30",
      "TransactionTime": "12:00:00",
      "PriorBalance": 16600,
      "TransactionAmount": 800,
      "SourceAccountNumber": 14701262,
      "TargetAccountNumber": 14701262,
      "Description": "Transfer from checking to savings account-(TRANSFER)"
    },
    {
      "$id": "5",
      "TransactionId": "a0128107-aab6-44da-8a62-c1c09251152a",
      "TransactionType": "Transfer",
      "TransactionDate": "2023-09-11",
      "TransactionTime": "08:00:00",
      "PriorBalance": 17400,
      "TransactionAmount": 1400,
      "SourceAccountNumber": 14701262,
      "TargetAccountNumber": 14701262,
      "Description": "free overdraft protection-(TRANSFER)-(TRANSFER)"
    },
    {
      "$id": "6",
      "TransactionId": "9754d361-bd43-4897-baeb-3e7b0376315b",
      "TransactionType": "Transfer",
      "TransactionDate": "2023-11-30",
      "TransactionTime": "12:00:00",
      "PriorBalance": 16000,
      "TransactionAmount": 900,
      "SourceAccountNumber": 14701262,
      "TargetAccountNumber": 14701262,
      "Description": "Transfer from checking to savings account-(TRANSFER)"
    },
    {
      "$id": "7",
      "TransactionId": "507c60ce-455a-4f60-90ce-08fb2e270513",
      "TransactionType": "Transfer",
      "TransactionDate": "2024-02-05",
      "TransactionTime": "08:00:00",
      "PriorBalance": 16900,
      "TransactionAmount": 1400,
      "SourceAccountNumber": 14701262,
      "TargetAccountNumber": 14701262,
      "Description": "free overdraft protection-(TRANSFER)-(TRANSFER)"
    },
    {
      "$id": "8",
      "TransactionId": "a9d116cb-6e2c-411f-8e6e-1bcfff70f4f3",
      "TransactionType": "Transfer",
      "TransactionDate": "2024-04-15",
      "TransactionTime": "08:00:00",
      "PriorBalance": 15500,
      "TransactionAmount": 1400,
      "SourceAccountNumber": 14701262,
      "TargetAccountNumber": 14701262,
      "Description": "free overdraft protection-(TRANSFER)-(TRANSFER)"
    },
    {
      "$id": "9",
      "TransactionId": "b424cda2-7fea-447b-8626-0188538d2c4e",
      "TransactionType": "Transfer",
      "TransactionDate": "2024-07-13",
      "TransactionTime": "21:00:00",
      "PriorBalance": 14100,
      "TransactionAmount": 1179,
      "SourceAccountNumber": 14701262,
      "TargetAccountNumber": 14701262,
      "Description": "free overdraft protection-(TRANSFER)-(TRANSFER)"
    },
    {
      "$id": "10",
      "TransactionId": "57bf5451-c1dd-46f2-bb3b-a2e13cfe7554",
      "TransactionType": "Transfer",
      "TransactionDate": "2024-08-31",
      "TransactionTime": "12:00:00",
      "PriorBalance": 12921,
      "TransactionAmount": 700,
      "SourceAccountNumber": 14701262,
      "TargetAccountNumber": 14701262,
      "Description": "Transfer from checking to savings account-(TRANSFER)"
    },
    {
      "$id": "11",
      "TransactionId": "3da14e41-e633-4e98-bacd-7569a76631c7",
      "TransactionType": "Transfer",
      "TransactionDate": "2024-09-02",
      "TransactionTime": "08:00:00",
      "PriorBalance": 13621,
      "TransactionAmount": 1400,
      "SourceAccountNumber": 14701262,
      "TargetAccountNumber": 14701262,
      "Description": "free overdraft protection-(TRANSFER)-(TRANSFER)"
    },
    {
      "$id": "12",
      "TransactionId": "81d4e9a7-9b69-4fe4-979d-86e4b8259cd7",
      "TransactionType": "Transfer",
      "TransactionDate": "2024-11-10",
      "TransactionTime": "12:00:00",
      "PriorBalance": 12221,
      "TransactionAmount": 1050,
      "SourceAccountNumber": 14701262,
      "TargetAccountNumber": 14701262,
      "Description": "free overdraft protection-(TRANSFER)-(TRANSFER)"
    },
    {
      "$id": "13",
      "TransactionId": "0b9e884f-273c-46d7-9e56-702401dbe3bc",
      "TransactionType": "Transfer",
      "TransactionDate": "2024-12-16",
      "TransactionTime": "08:00:00",
      "PriorBalance": 11171,
      "TransactionAmount": 1400,
      "SourceAccountNumber": 14701262,
      "TargetAccountNumber": 14701262,
      "Description": "free overdraft protection-(TRANSFER)-(TRANSFER)"
    },
    {
      "$id": "14",
      "TransactionId": "b3b9e1ba-6e3c-4774-bc31-9cf86e966fe7",
      "TransactionType": "Transfer",
      "TransactionDate": "2025-01-31",
      "TransactionTime": "12:00:00",
      "PriorBalance": 9771,
      "TransactionAmount": 900,
      "SourceAccountNumber": 14701262,
      "TargetAccountNumber": 14701262,
      "Description": "Transfer from checking to savings account-(TRANSFER)"
    }
  ]
}