{
  "$id": "1",
  "$values": [
    {
      "$id": "2",
      "TransactionId": "7e3dacb8-b7c0-4da7-921b-516072eb5b74",
      "TransactionType": "Transfer",
      "TransactionDate": "2023-02-28",
      "TransactionTime": "12:00:00",
      "PriorBalance": 15000,
      "TransactionAmount": 900,
      "SourceAccountNumber": 14701232,
      "TargetAccountNumber": 14701232,
      "Description": "Transfer from checking to savings account-(TRANSFER)"
    },
    {
      "$id": "3",
      "TransactionId": "318c1079-4295-47be-8b47-af6c9397eb87",
      "TransactionType": "Transfer",
      "TransactionDate": "2023-03-31",
      "TransactionTime": "12:00:00",
      "PriorBalance": 15900,
      "TransactionAmount": 800,
      "SourceAccountNumber": 14701232,
      "TargetAccountNumber": 14701232,
      "Description": "Transfer from checking to savings account-(TRANSFER)"
    },
    {
      "$id": "4",
      "TransactionId": "09929a5e-cfa0-4759-8129-c6b5561d38f1",
      "TransactionType": "Transfer",
      "TransactionDate": "2023-04-30",
      "TransactionTime": "12:00:00",
      "PriorBalance": 16700,
      "TransactionAmount": 900,
      "SourceAccountNumber": 14701232,
      "TargetAccountNumber": 14701232,
      "Description": "Transfer from checking to savings account-(TRANSFER)"
    },
    {
      "$id": "5",
      "TransactionId": "7f818795-4110-4648-afdd-4bf1c6e1f814",
      "TransactionType": "Transfer",
      "TransactionDate": "2023-05-15",
      "TransactionTime": "08:00:00",
      "PriorBalance": 17600,
      "TransactionAmount": 1400,
      "SourceAccountNumber": 14701232,
      "TargetAccountNumber": 14701232,
      "Description": "free overdraft protection-(TRANSFER)-(TRANSFER)"
    },
    {
      "$id": "6",
      "TransactionId": "6a2948b9-15d9-4dd0-a37e-fa9e31bd6fbe",
      "TransactionType": "Transfer",
      "TransactionDate": "2023-07-31",
      "TransactionTime": "12:00:00",
      "PriorBalance": 16200,
      "TransactionAmount": 900,
      "SourceAccountNumber": 14701232,
      "TargetAccountNumber": 14701232,
      "Description": "Transfer from checking to savings account-(TRANSFER)"
    },
    {
      "$id": "7",
      "TransactionId": "5936fc5f-5d6c-438c-94d9-17f46c3fc535",
      "TransactionType": "Transfer",
      "TransactionDate": "2023-09-11",
      "TransactionTime": "08:00:00",
      "PriorBalance": 17100,
      "TransactionAmount": 1400,
      "SourceAccountNumber": 14701232,
      "TargetAccountNumber": 14701232,
      "Description": "free overdraft protection-(TRANSFER)-(TRANSFER)"
    },
    {
      "$id": "8",
      "TransactionId": "6d2be05e-605c-4c8d-8124-d19d04fef2ff",
      "TransactionType": "Transfer",
      "TransactionDate": "2023-10-31",
      "TransactionTime": "12:00:00",
      "PriorBalance": 15700,
      "TransactionAmount": 900,
      "SourceAccountNumber": 14701232,
      "TargetAccountNumber": 14701232,
      "Description": "Transfer from checking to savings account-(TRANSFER)"
    },
    {
      "$id": "9",
      "TransactionId": "c29ef683-475e-4131-8ed0-a4bb894407cd",
      "TransactionType": "Transfer",
      "TransactionDate": "2023-12-11",
      "TransactionTime": "08:00:00",
      "PriorBalance": 16600,
      "TransactionAmount": 1400,
      "SourceAccountNumber": 14701232,
      "TargetAccountNumber": 14701232,
      "Description": "free overdraft protection-(TRANSFER)-(TRANSFER)"
    },
    {
      "$id": "10",
      "TransactionId": "98909b90-a83c-4ef6-8c16-4852205af417",
      "TransactionType": "Transfer",
      "TransactionDate": "2024-01-31",
      "TransactionTime": "12:00:00",
      "PriorBalance": 15200,
      "TransactionAmount": 800,
      "SourceAccountNumber": 14701232,
      "TargetAccountNumber": 14701232,
      "Description": "Transfer from checking to savings account-(TRANSFER)"
    },
    {
      "$id": "11",
      "TransactionId": "f6ed4cc1-f441-497c-b0e0-aaa3fd9c6215",
      "TransactionType": "Transfer",
      "TransactionDate": "2024-04-15",
      "TransactionTime": "08:00:00",
      "PriorBalance": 16000,
      "TransactionAmount": 1400,
      "SourceAccountNumber": 14701232,
      "TargetAccountNumber": 14701232,
      "Description": "free overdraft protection-(TRANSFER)-(TRANSFER)"
    },
    {
      "$id": "12",
      "TransactionId": "b99a3e11-32a4-40f6-a04d-c4aabb143573",
      "TransactionType": "Transfer",
      "TransactionDate": "2024-08-05",
      "TransactionTime": "08:00:00",
      "PriorBalance": 14600,
      "TransactionAmount": 1400,
      "SourceAccountNumber": 14701232,
      "TargetAccountNumber": 14701232,
      "Description": "free overdraft protection-(TRANSFER)-(TRANSFER)"
    },
    {
      "$id": "13",
      "TransactionId": "766752df-3589-4f26-8cd4-5dcf19907cea",
      "TransactionType": "Transfer",
      "TransactionDate": "2024-09-30",
      "TransactionTime": "12:00:00",
      "PriorBalance": 13200,
      "TransactionAmount": 800,
      "SourceAccountNumber": 14701232,
      "TargetAccountNumber": 14701232,
      "Description": "Transfer from checking to savings account-(TRANSFER)"
    },
    {
      "$id": "14",
      "TransactionId": "7f463468-a3e9-49ef-908c-b876602b80fb",
      "TransactionType": "Transfer",
      "TransactionDate": "2024-12-09",
      "TransactionTime": "08:00:00",
      "PriorBalance": 14000,
      "TransactionAmount": 1400,
      "SourceAccountNumber": 14701232,
      "TargetAccountNumber": 14701232,
      "Description": "free overdraft protection-(TRANSFER)-(TRANSFER)"
    },
    {
      "$id": "15",
      "TransactionId": "8724556d-9f4f-4c1b-a056-d1a42744ed4f",
      "TransactionType": "Transfer",
      "TransactionDate": "2025-02-10",
      "TransactionTime": "08:00:00",
      "PriorBalance": 12600,
      "TransactionAmount": 1400,
      "SourceAccountNumber": 14701232,
      "TargetAccountNumber": 14701232,
      "Description": "free overdraft protection-(TRANSFER)-(TRANSFER)"
    }
  ]
}