{
  "$id": "1",
  "$values": [
    {
      "$id": "2",
      "TransactionId": "6a5128a4-d421-4f2c-9a7f-f770659bff36",
      "TransactionType": "Transfer",
      "TransactionDate": "2023-02-28",
      "TransactionTime": "12:00:00",
      "PriorBalance": 15000,
      "TransactionAmount": 800,
      "SourceAccountNumber": 14701253,
      "TargetAccountNumber": 14701253,
      "Description": "Transfer from checking to savings account-(TRANSFER)"
    },
    {
      "$id": "3",
      "TransactionId": "bea82697-f114-4966-9f63-a4d99f76d8c5",
      "TransactionType": "Transfer",
      "TransactionDate": "2023-03-31",
      "TransactionTime": "12:00:00",
      "PriorBalance": 15800,
      "TransactionAmount": 800,
      "SourceAccountNumber": 14701253,
      "TargetAccountNumber": 14701253,
      "Description": "Transfer from checking to savings account-(TRANSFER)"
    },
    {
      "$id": "4",
      "TransactionId": "1f8906ae-1c89-4e0f-94af-05938d439222",
      "TransactionType": "Transfer",
      "TransactionDate": "2023-04-30",
      "TransactionTime": "12:00:00",
      "PriorBalance": 16600,
      "TransactionAmount": 900,
      "SourceAccountNumber": 14701253,
      "TargetAccountNumber": 14701253,
      "Description": "Transfer from checking to savings account-(TRANSFER)"
    },
    {
      "$id": "5",
      "TransactionId": "f1f2f4db-8b5e-4177-b63c-95d2381c7ee8",
      "TransactionType": "Transfer",
      "TransactionDate": "2023-06-10",
      "TransactionTime": "21:00:00",
      "PriorBalance": 17500,
      "TransactionAmount": 1179,
      "SourceAccountNumber": 14701253,
      "TargetAccountNumber": 14701253,
      "Description": "free overdraft protection-(TRANSFER)-(TRANSFER)"
    },
    {
      "$id": "6",
      "TransactionId": "09edefe9-8a15-459e-bee1-71cc650f07c2",
      "TransactionType": "Transfer",
      "TransactionDate": "2023-08-14",
      "TransactionTime": "08:00:00",
      "PriorBalance": 16321,
      "TransactionAmount": 1400,
      "SourceAccountNumber": 14701253,
      "TargetAccountNumber": 14701253,
      "Description": "free overdraft protection-(TRANSFER)-(TRANSFER)"
    },
    {
      "$id": "7",
      "TransactionId": "61d56b93-5709-42c8-a051-0d530d340865",
      "TransactionType": "Transfer",
      "TransactionDate": "2023-09-30",
      "TransactionTime": "12:00:00",
      "PriorBalance": 14921,
      "TransactionAmount": 800,
      "SourceAccountNumber": 14701253,
      "TargetAccountNumber": 14701253,
      "Description": "Transfer from checking to savings account-(TRANSFER)"
    },
    {
      "$id": "8",
      "TransactionId": "019e44d2-72ce-412f-9913-7b4222c6905d",
      "TransactionType": "Transfer",
      "TransactionDate": "2023-10-14",
      "TransactionTime": "21:00:00",
      "PriorBalance": 15721,
      "TransactionAmount": 1212,
      "SourceAccountNumber": 14701253,
      "TargetAccountNumber": 14701253,
      "Description": "free overdraft protection-(TRANSFER)-(TRANSFER)"
    },
    {
      "$id": "9",
      "TransactionId": "d3fda728-2157-4b93-89c9-fc0cba65b6c0",
      "TransactionType": "Transfer",
      "TransactionDate": "2023-11-30",
      "TransactionTime": "12:00:00",
      "PriorBalance": 14509,
      "TransactionAmount": 900,
      "SourceAccountNumber": 14701253,
      "TargetAccountNumber": 14701253,
      "Description": "Transfer from checking to savings account-(TRANSFER)"
    },
    {
      "$id": "10",
      "TransactionId": "d8919b97-7c18-4967-8c76-e4ad7b545762",
      "TransactionType": "Transfer",
      "TransactionDate": "2024-02-12",
      "TransactionTime": "08:00:00",
      "PriorBalance": 15409,
      "TransactionAmount": 1400,
      "SourceAccountNumber": 14701253,
      "TargetAccountNumber": 14701253,
      "Description": "free overdraft protection-(TRANSFER)-(TRANSFER)"
    },
    {
      "$id": "11",
      "TransactionId": "e9ceae48-a68f-4dd5-bb47-2c3dcdf45873",
      "TransactionType": "Transfer",
      "TransactionDate": "2024-04-15",
      "TransactionTime": "08:00:00",
      "PriorBalance": 14009,
      "TransactionAmount": 1400,
      "SourceAccountNumber": 14701253,
      "TargetAccountNumber": 14701253,
      "Description": "free overdraft protection-(TRANSFER)-(TRANSFER)"
    },
    {
      "$id": "12",
      "TransactionId": "9f116ab7-bed6-4f09-adb2-4f8767940cef",
      "TransactionType": "Transfer",
      "TransactionDate": "2024-05-31",
      "TransactionTime": "12:00:00",
      "PriorBalance": 12609,
      "TransactionAmount": 700,
      "SourceAccountNumber": 14701253,
      "TargetAccountNumber": 14701253,
      "Description": "Transfer from checking to savings account-(TRANSFER)"
    },
    {
      "$id": "13",
      "TransactionId": "b55730bf-7984-43e0-a756-3991f32528db",
      "TransactionType": "Transfer",
      "TransactionDate": "2024-07-08",
      "TransactionTime": "08:00:00",
      "PriorBalance": 13309,
      "TransactionAmount": 1400,
      "SourceAccountNumber": 14701253,
      "TargetAccountNumber": 14701253,
      "Description": "free overdraft protection-(TRANSFER)-(TRANSFER)"
    },
    {
      "$id": "14",
      "TransactionId": "c478d01d-4f6b-4f02-a046-c470ddc3bb5b",
      "TransactionType": "Transfer",
      "TransactionDate": "2024-09-16",
      "TransactionTime": "08:00:00",
      "PriorBalance": 11909,
      "TransactionAmount": 1400,
      "SourceAccountNumber": 14701253,
      "TargetAccountNumber": 14701253,
      "Description": "free overdraft protection-(TRANSFER)-(TRANSFER)"
    },
    {
      "$id": "15",
      "TransactionId": "0c8d4b85-354c-48d5-a0af-f63c9f229e0f",
      "TransactionType": "Transfer",
      "TransactionDate": "2024-10-31",
      "TransactionTime": "12:00:00",
      "PriorBalance": 10509,
      "TransactionAmount": 700,
      "SourceAccountNumber": 14701253,
      "TargetAccountNumber": 14701253,
      "Description": "Transfer from checking to savings account-(TRANSFER)"
    },
    {
      "$id": "16",
      "TransactionId": "f489b834-5826-43dc-b2b6-5d148c6503d8",
      "TransactionType": "Transfer",
      "TransactionDate": "2024-11-04",
      "TransactionTime": "08:00:00",
      "PriorBalance": 11209,
      "TransactionAmount": 1400,
      "SourceAccountNumber": 14701253,
      "TargetAccountNumber": 14701253,
      "Description": "free overdraft protection-(TRANSFER)-(TRANSFER)"
    },
    {
      "$id": "17",
      "TransactionId": "e37d827c-75c4-4081-b1ac-169237d46bd8",
      "TransactionType": "Transfer",
      "TransactionDate": "2024-12-16",
      "TransactionTime": "08:00:00",
      "PriorBalance": 9809,
      "TransactionAmount": 1400,
      "SourceAccountNumber": 14701253,
      "TargetAccountNumber": 14701253,
      "Description": "free overdraft protection-(TRANSFER)-(TRANSFER)"
    },
    {
      "$id": "18",
      "TransactionId": "5d346b1a-f378-4d45-81e5-d7f59ee2ee7b",
      "TransactionType": "Transfer",
      "TransactionDate": "2025-01-31",
      "TransactionTime": "12:00:00",
      "PriorBalance": 8409,
      "TransactionAmount": 900,
      "SourceAccountNumber": 14701253,
      "TargetAccountNumber": 14701253,
      "Description": "Transfer from checking to savings account-(TRANSFER)"
    },
    {
      "$id": "19",
      "TransactionId": "028452d3-8605-4fbe-a2d4-a103782e2516",
      "TransactionType": "Transfer",
      "TransactionDate": "2025-02-28",
      "TransactionTime": "12:00:00",
      "PriorBalance": 9309,
      "TransactionAmount": 800,
      "SourceAccountNumber": 14701253,
      "TargetAccountNumber": 14701253,
      "Description": "Transfer from checking to savings account-(TRANSFER)"
    }
  ]
}