{
  "$id": "1",
  "$values": [
    {
      "$id": "2",
      "TransactionId": "e91313dd-4caf-41c5-861c-900b1a54b343",
      "TransactionType": "Transfer",
      "TransactionDate": "2023-02-28",
      "TransactionTime": "12:00:00",
      "PriorBalance": 15000,
      "TransactionAmount": 800,
      "SourceAccountNumber": 14701223,
      "TargetAccountNumber": 14701223,
      "Description": "Transfer from checking to savings account-(TRANSFER)"
    },
    {
      "$id": "3",
      "TransactionId": "e71e4f9d-a212-4bd0-832c-6069a4d38330",
      "TransactionType": "Transfer",
      "TransactionDate": "2023-03-31",
      "TransactionTime": "12:00:00",
      "PriorBalance": 15800,
      "TransactionAmount": 800,
      "SourceAccountNumber": 14701223,
      "TargetAccountNumber": 14701223,
      "Description": "Transfer from checking to savings account-(TRANSFER)"
    },
    {
      "$id": "4",
      "TransactionId": "36e1e109-f1bf-4e38-8c2b-24e7e5816c34",
      "TransactionType": "Transfer",
      "TransactionDate": "2023-04-30",
      "TransactionTime": "12:00:00",
      "PriorBalance": 16600,
      "TransactionAmount": 800,
      "SourceAccountNumber": 14701223,
      "TargetAccountNumber": 14701223,
      "Description": "Transfer from checking to savings account-(TRANSFER)"
    },
    {
      "$id": "5",
      "TransactionId": "5df08253-28f8-4f95-acf0-9b39bfe23a63",
      "TransactionType": "Transfer",
      "TransactionDate": "2023-05-13",
      "TransactionTime": "21:00:00",
      "PriorBalance": 17400,
      "TransactionAmount": 1193,
      "SourceAccountNumber": 14701223,
      "TargetAccountNumber": 14701223,
      "Description": "free overdraft protection-(TRANSFER)-(TRANSFER)"
    },
    {
      "$id": "6",
      "TransactionId": "d8258a5d-0e17-47be-b76c-4427c7b668e5",
      "TransactionType": "Transfer",
      "TransactionDate": "2023-08-14",
      "TransactionTime": "08:00:00",
      "PriorBalance": 16207,
      "TransactionAmount": 1400,
      "SourceAccountNumber": 14701223,
      "TargetAccountNumber": 14701223,
      "Description": "free overdraft protection-(TRANSFER)-(TRANSFER)"
    },
    {
      "$id": "7",
      "TransactionId": "1ef629cf-af45-456e-9328-b99d70ec629d",
      "TransactionType": "Transfer",
      "TransactionDate": "2023-09-30",
      "TransactionTime": "12:00:00",
      "PriorBalance": 14807,
      "TransactionAmount": 900,
      "SourceAccountNumber": 14701223,
      "TargetAccountNumber": 14701223,
      "Description": "Transfer from checking to savings account-(TRANSFER)"
    },
    {
      "$id": "8",
      "TransactionId": "6915b348-9bb0-414b-92e4-d6407a0e58e1",
      "TransactionType": "Transfer",
      "TransactionDate": "2023-11-30",
      "TransactionTime": "12:00:00",
      "PriorBalance": 15707,
      "TransactionAmount": 800,
      "SourceAccountNumber": 14701223,
      "TargetAccountNumber": 14701223,
      "Description": "Transfer from checking to savings account-(TRANSFER)"
    },
    {
      "$id": "9",
      "TransactionId": "31f2e6be-ac7d-4c1a-aae9-385dd6f6bf78",
      "TransactionType": "Transfer",
      "TransactionDate": "2023-12-11",
      "TransactionTime": "08:00:00",
      "PriorBalance": 16507,
      "TransactionAmount": 1400,
      "SourceAccountNumber": 14701223,
      "TargetAccountNumber": 14701223,
      "Description": "free overdraft protection-(TRANSFER)-(TRANSFER)"
    },
    {
      "$id": "10",
      "TransactionId": "81bebccf-7ae4-45b3-bcc2-f152133d462a",
      "TransactionType": "Transfer",
      "TransactionDate": "2024-06-10",
      "TransactionTime": "08:00:00",
      "PriorBalance": 15107,
      "TransactionAmount": 1400,
      "SourceAccountNumber": 14701223,
      "TargetAccountNumber": 14701223,
      "Description": "free overdraft protection-(TRANSFER)-(TRANSFER)"
    },
    {
      "$id": "11",
      "TransactionId": "6535bfaa-c35a-4427-8dbf-daa786a60b0d",
      "TransactionType": "Transfer",
      "TransactionDate": "2024-08-31",
      "TransactionTime": "12:00:00",
      "PriorBalance": 13707,
      "TransactionAmount": 700,
      "SourceAccountNumber": 14701223,
      "TargetAccountNumber": 14701223,
      "Description": "Transfer from checking to savings account-(TRANSFER)"
    },
    {
      "$id": "12",
      "TransactionId": "96d4096d-8130-4130-9ba2-4dc90b91e0d5",
      "TransactionType": "Transfer",
      "TransactionDate": "2024-09-09",
      "TransactionTime": "08:00:00",
      "PriorBalance": 14407,
      "TransactionAmount": 1400,
      "SourceAccountNumber": 14701223,
      "TargetAccountNumber": 14701223,
      "Description": "free overdraft protection-(TRANSFER)-(TRANSFER)"
    }
  ]
}