{
  "$id": "1",
  "$values": [
    {
      "$id": "2",
      "TransactionId": "8d7913e8-d307-460b-a9f9-6cbc0840661d",
      "TransactionType": "Transfer",
      "TransactionDate": "2023-02-28",
      "TransactionTime": "12:00:00",
      "PriorBalance": 15000,
      "TransactionAmount": 700,
      "SourceAccountNumber": 14701151,
      "TargetAccountNumber": 14701151,
      "Description": "Transfer from checking to savings account-(TRANSFER)"
    },
    {
      "$id": "3",
      "TransactionId": "afdd1778-9c66-4bf4-adbd-09163057d691",
      "TransactionType": "Transfer",
      "TransactionDate": "2023-03-31",
      "TransactionTime": "12:00:00",
      "PriorBalance": 15700,
      "TransactionAmount": 900,
      "SourceAccountNumber": 14701151,
      "TargetAccountNumber": 14701151,
      "Description": "Transfer from checking to savings account-(TRANSFER)"
    },
    {
      "$id": "4",
      "TransactionId": "ff47fdf8-6a41-4c2b-a976-724dc56017cf",
      "TransactionType": "Transfer",
      "TransactionDate": "2023-04-30",
      "TransactionTime": "12:00:00",
      "PriorBalance": 16600,
      "TransactionAmount": 900,
      "SourceAccountNumber": 14701151,
      "TargetAccountNumber": 14701151,
      "Description": "Transfer from checking to savings account-(TRANSFER)"
    },
    {
      "$id": "5",
      "TransactionId": "f3520e6e-00ee-42e9-b5b3-ae5717e3bfc2",
      "TransactionType": "Transfer",
      "TransactionDate": "2023-09-11",
      "TransactionTime": "08:00:00",
      "PriorBalance": 17500,
      "TransactionAmount": 1400,
      "SourceAccountNumber": 14701151,
      "TargetAccountNumber": 14701151,
      "Description": "free overdraft protection-(TRANSFER)-(TRANSFER)"
    },
    {
      "$id": "6",
      "TransactionId": "7304c234-69b2-431f-8814-97475c2a8381",
      "TransactionType": "Transfer",
      "TransactionDate": "2023-12-31",
      "TransactionTime": "12:00:00",
      "PriorBalance": 16100,
      "TransactionAmount": 900,
      "SourceAccountNumber": 14701151,
      "TargetAccountNumber": 14701151,
      "Description": "Transfer from checking to savings account-(TRANSFER)"
    },
    {
      "$id": "7",
      "TransactionId": "a10cbb35-d8dd-4d9f-b6e0-5ed91a894085",
      "TransactionType": "Transfer",
      "TransactionDate": "2024-01-31",
      "TransactionTime": "12:00:00",
      "PriorBalance": 17000,
      "TransactionAmount": 800,
      "SourceAccountNumber": 14701151,
      "TargetAccountNumber": 14701151,
      "Description": "Transfer from checking to savings account-(TRANSFER)"
    },
    {
      "$id": "8",
      "TransactionId": "c7ac07d0-1d6c-4079-a02a-4199a5630be3",
      "TransactionType": "Transfer",
      "TransactionDate": "2024-02-12",
      "TransactionTime": "08:00:00",
      "PriorBalance": 17800,
      "TransactionAmount": 1400,
      "SourceAccountNumber": 14701151,
      "TargetAccountNumber": 14701151,
      "Description": "free overdraft protection-(TRANSFER)-(TRANSFER)"
    },
    {
      "$id": "9",
      "TransactionId": "68772285-99a7-47ea-a5db-f451474d9fb2",
      "TransactionType": "Transfer",
      "TransactionDate": "2024-03-31",
      "TransactionTime": "12:00:00",
      "PriorBalance": 16400,
      "TransactionAmount": 900,
      "SourceAccountNumber": 14701151,
      "TargetAccountNumber": 14701151,
      "Description": "Transfer from checking to savings account-(TRANSFER)"
    },
    {
      "$id": "10",
      "TransactionId": "924d99ca-dc94-4227-b983-4aa61d0b3f8f",
      "TransactionType": "Transfer",
      "TransactionDate": "2024-04-30",
      "TransactionTime": "12:00:00",
      "PriorBalance": 17300,
      "TransactionAmount": 900,
      "SourceAccountNumber": 14701151,
      "TargetAccountNumber": 14701151,
      "Description": "Transfer from checking to savings account-(TRANSFER)"
    },
    {
      "$id": "11",
      "TransactionId": "e16358c6-7f38-4b4c-b19e-301755496068",
      "TransactionType": "Transfer",
      "TransactionDate": "2024-05-31",
      "TransactionTime": "12:00:00",
      "PriorBalance": 18200,
      "TransactionAmount": 800,
      "SourceAccountNumber": 14701151,
      "TargetAccountNumber": 14701151,
      "Description": "Transfer from checking to savings account-(TRANSFER)"
    },
    {
      "$id": "12",
      "TransactionId": "5ab80aa7-b2bc-426b-92d5-6b142be984de",
      "TransactionType": "Transfer",
      "TransactionDate": "2024-06-03",
      "TransactionTime": "12:00:00",
      "PriorBalance": 19000,
      "TransactionAmount": 1050,
      "SourceAccountNumber": 14701151,
      "TargetAccountNumber": 14701151,
      "Description": "free overdraft protection-(TRANSFER)-(TRANSFER)"
    },
    {
      "$id": "13",
      "TransactionId": "8cf9cf8f-dffd-4ac1-a274-e63c05d69a36",
      "TransactionType": "Transfer",
      "TransactionDate": "2024-07-31",
      "TransactionTime": "12:00:00",
      "PriorBalance": 17950,
      "TransactionAmount": 800,
      "SourceAccountNumber": 14701151,
      "TargetAccountNumber": 14701151,
      "Description": "Transfer from checking to savings account-(TRANSFER)"
    },
    {
      "$id": "14",
      "TransactionId": "96473b9e-c502-4ffc-aaba-ae80aaf10c22",
      "TransactionType": "Transfer",
      "TransactionDate": "2024-08-05",
      "TransactionTime": "08:00:00",
      "PriorBalance": 18750,
      "TransactionAmount": 1400,
      "SourceAccountNumber": 14701151,
      "TargetAccountNumber": 14701151,
      "Description": "free overdraft protection-(TRANSFER)-(TRANSFER)"
    },
    {
      "$id": "15",
      "TransactionId": "bfc42793-4e48-4a46-9d8b-1c0e17483c93",
      "TransactionType": "Transfer",
      "TransactionDate": "2024-09-30",
      "TransactionTime": "12:00:00",
      "PriorBalance": 17350,
      "TransactionAmount": 800,
      "SourceAccountNumber": 14701151,
      "TargetAccountNumber": 14701151,
      "Description": "Transfer from checking to savings account-(TRANSFER)"
    },
    {
      "$id": "16",
      "TransactionId": "4e166721-be02-4a9e-af71-c8bfd34a0196",
      "TransactionType": "Transfer",
      "TransactionDate": "2025-02-03",
      "TransactionTime": "12:00:00",
      "PriorBalance": 18150,
      "TransactionAmount": 1050,
      "SourceAccountNumber": 14701151,
      "TargetAccountNumber": 14701151,
      "Description": "free overdraft protection-(TRANSFER)-(TRANSFER)"
    }
  ]
}