{
  "$id": "1",
  "$values": [
    {
      "$id": "2",
      "TransactionId": "543fde0c-9d4f-43e7-a73f-f6dd3bd0dcc2",
      "TransactionType": "Transfer",
      "TransactionDate": "2023-02-28",
      "TransactionTime": "12:00:00",
      "PriorBalance": 15000,
      "TransactionAmount": 800,
      "SourceAccountNumber": 14701208,
      "TargetAccountNumber": 14701208,
      "Description": "Transfer from checking to savings account-(TRANSFER)"
    },
    {
      "$id": "3",
      "TransactionId": "591b3901-122e-44dc-a211-dfae85812c10",
      "TransactionType": "Transfer",
      "TransactionDate": "2023-03-31",
      "TransactionTime": "12:00:00",
      "PriorBalance": 15800,
      "TransactionAmount": 900,
      "SourceAccountNumber": 14701208,
      "TargetAccountNumber": 14701208,
      "Description": "Transfer from checking to savings account-(TRANSFER)"
    },
    {
      "$id": "4",
      "TransactionId": "de114069-0b08-4183-affd-084b59e45aa2",
      "TransactionType": "Transfer",
      "TransactionDate": "2023-04-30",
      "TransactionTime": "12:00:00",
      "PriorBalance": 16700,
      "TransactionAmount": 900,
      "SourceAccountNumber": 14701208,
      "TargetAccountNumber": 14701208,
      "Description": "Transfer from checking to savings account-(TRANSFER)"
    },
    {
      "$id": "5",
      "TransactionId": "df8034b6-69f5-44f8-b970-8dc07316ffd7",
      "TransactionType": "Transfer",
      "TransactionDate": "2023-06-30",
      "TransactionTime": "12:00:00",
      "PriorBalance": 17600,
      "TransactionAmount": 800,
      "SourceAccountNumber": 14701208,
      "TargetAccountNumber": 14701208,
      "Description": "Transfer from checking to savings account-(TRANSFER)"
    },
    {
      "$id": "6",
      "TransactionId": "58cb2d44-afc0-4195-996b-e22dba9efcee",
      "TransactionType": "Transfer",
      "TransactionDate": "2023-07-10",
      "TransactionTime": "12:00:00",
      "PriorBalance": 18400,
      "TransactionAmount": 1050,
      "SourceAccountNumber": 14701208,
      "TargetAccountNumber": 14701208,
      "Description": "free overdraft protection-(TRANSFER)-(TRANSFER)"
    },
    {
      "$id": "7",
      "TransactionId": "f6c70ca2-6f85-4533-8814-4d9dc225c3f1",
      "TransactionType": "Transfer",
      "TransactionDate": "2023-10-09",
      "TransactionTime": "08:00:00",
      "PriorBalance": 17350,
      "TransactionAmount": 1400,
      "SourceAccountNumber": 14701208,
      "TargetAccountNumber": 14701208,
      "Description": "free overdraft protection-(TRANSFER)-(TRANSFER)"
    },
    {
      "$id": "8",
      "TransactionId": "5aa45f26-5d20-4c0b-bb7c-d2dbc9ffc119",
      "TransactionType": "Transfer",
      "TransactionDate": "2023-11-30",
      "TransactionTime": "12:00:00",
      "PriorBalance": 15950,
      "TransactionAmount": 800,
      "SourceAccountNumber": 14701208,
      "TargetAccountNumber": 14701208,
      "Description": "Transfer from checking to savings account-(TRANSFER)"
    },
    {
      "$id": "9",
      "TransactionId": "9cc553af-7e98-416e-9f60-a8ec8ee1f17c",
      "TransactionType": "Transfer",
      "TransactionDate": "2024-01-08",
      "TransactionTime": "08:00:00",
      "PriorBalance": 16750,
      "TransactionAmount": 1400,
      "SourceAccountNumber": 14701208,
      "TargetAccountNumber": 14701208,
      "Description": "free overdraft protection-(TRANSFER)-(TRANSFER)"
    },
    {
      "$id": "10",
      "TransactionId": "23926a4d-12ab-4d9f-8fb0-48c34a327e80",
      "TransactionType": "Transfer",
      "TransactionDate": "2024-02-29",
      "TransactionTime": "12:00:00",
      "PriorBalance": 15350,
      "TransactionAmount": 800,
      "SourceAccountNumber": 14701208,
      "TargetAccountNumber": 14701208,
      "Description": "Transfer from checking to savings account-(TRANSFER)"
    },
    {
      "$id": "11",
      "TransactionId": "dddf238e-f3e7-4dae-8d2a-2f79e0efe1a4",
      "TransactionType": "Transfer",
      "TransactionDate": "2024-04-06",
      "TransactionTime": "21:00:00",
      "PriorBalance": 16150,
      "TransactionAmount": 1212,
      "SourceAccountNumber": 14701208,
      "TargetAccountNumber": 14701208,
      "Description": "free overdraft protection-(TRANSFER)-(TRANSFER)"
    },
    {
      "$id": "12",
      "TransactionId": "99240e8d-7caf-4a73-a2b6-bb12acf819da",
      "TransactionType": "Transfer",
      "TransactionDate": "2024-05-13",
      "TransactionTime": "08:00:00",
      "PriorBalance": 14938,
      "TransactionAmount": 1400,
      "SourceAccountNumber": 14701208,
      "TargetAccountNumber": 14701208,
      "Description": "free overdraft protection-(TRANSFER)-(TRANSFER)"
    },
    {
      "$id": "13",
      "TransactionId": "a0d279db-067a-4123-8df8-27f3e41e0575",
      "TransactionType": "Transfer",
      "TransactionDate": "2024-06-30",
      "TransactionTime": "12:00:00",
      "PriorBalance": 13538,
      "TransactionAmount": 700,
      "SourceAccountNumber": 14701208,
      "TargetAccountNumber": 14701208,
      "Description": "Transfer from checking to savings account-(TRANSFER)"
    },
    {
      "$id": "14",
      "TransactionId": "baee2e52-dc6f-4ab1-a691-fb39bf41f4c0",
      "TransactionType": "Transfer",
      "TransactionDate": "2024-07-15",
      "TransactionTime": "08:00:00",
      "PriorBalance": 14238,
      "TransactionAmount": 1400,
      "SourceAccountNumber": 14701208,
      "TargetAccountNumber": 14701208,
      "Description": "free overdraft protection-(TRANSFER)-(TRANSFER)"
    },
    {
      "$id": "15",
      "TransactionId": "7358ebe8-82c0-416a-a460-c6b5ba84e799",
      "TransactionType": "Transfer",
      "TransactionDate": "2024-08-31",
      "TransactionTime": "12:00:00",
      "PriorBalance": 12838,
      "TransactionAmount": 800,
      "SourceAccountNumber": 14701208,
      "TargetAccountNumber": 14701208,
      "Description": "Transfer from checking to savings account-(TRANSFER)"
    },
    {
      "$id": "16",
      "TransactionId": "5765c572-761b-433e-8faa-ecf18b81a734",
      "TransactionType": "Transfer",
      "TransactionDate": "2024-09-09",
      "TransactionTime": "08:00:00",
      "PriorBalance": 13638,
      "TransactionAmount": 1400,
      "SourceAccountNumber": 14701208,
      "TargetAccountNumber": 14701208,
      "Description": "free overdraft protection-(TRANSFER)-(TRANSFER)"
    },
    {
      "$id": "17",
      "TransactionId": "22cf5487-c5a2-49e5-af8b-0f2cb4f0ca0b",
      "TransactionType": "Transfer",
      "TransactionDate": "2024-11-30",
      "TransactionTime": "12:00:00",
      "PriorBalance": 12238,
      "TransactionAmount": 700,
      "SourceAccountNumber": 14701208,
      "TargetAccountNumber": 14701208,
      "Description": "Transfer from checking to savings account-(TRANSFER)"
    },
    {
      "$id": "18",
      "TransactionId": "dcede3d4-521d-4c71-8f52-4eaed6297df0",
      "TransactionType": "Transfer",
      "TransactionDate": "2024-12-09",
      "TransactionTime": "08:00:00",
      "PriorBalance": 12938,
      "TransactionAmount": 1400,
      "SourceAccountNumber": 14701208,
      "TargetAccountNumber": 14701208,
      "Description": "free overdraft protection-(TRANSFER)-(TRANSFER)"
    },
    {
      "$id": "19",
      "TransactionId": "4ef43461-5dc8-4983-adf6-8874e9581915",
      "TransactionType": "Transfer",
      "TransactionDate": "2025-01-31",
      "TransactionTime": "12:00:00",
      "PriorBalance": 11538,
      "TransactionAmount": 800,
      "SourceAccountNumber": 14701208,
      "TargetAccountNumber": 14701208,
      "Description": "Transfer from checking to savings account-(TRANSFER)"
    },
    {
      "$id": "20",
      "TransactionId": "6b901e5d-aa87-415d-a379-ecf6778079c1",
      "TransactionType": "Transfer",
      "TransactionDate": "2025-02-08",
      "TransactionTime": "21:00:00",
      "PriorBalance": 12338,
      "TransactionAmount": 1185,
      "SourceAccountNumber": 14701208,
      "TargetAccountNumber": 14701208,
      "Description": "free overdraft protection-(TRANSFER)-(TRANSFER)"
    }
  ]
}