{
  "$id": "1",
  "$values": [
    {
      "$id": "2",
      "TransactionId": "72b8a648-3f03-4ec8-8e82-c2f1a3d8e8d8",
      "TransactionType": "Transfer",
      "TransactionDate": "2023-02-28",
      "TransactionTime": "12:00:00",
      "PriorBalance": 15000,
      "TransactionAmount": 900,
      "SourceAccountNumber": 14701175,
      "TargetAccountNumber": 14701175,
      "Description": "Transfer from checking to savings account-(TRANSFER)"
    },
    {
      "$id": "3",
      "TransactionId": "b2916a55-4039-49b0-ba5e-697b16cbdf79",
      "TransactionType": "Transfer",
      "TransactionDate": "2023-03-31",
      "TransactionTime": "12:00:00",
      "PriorBalance": 15900,
      "TransactionAmount": 800,
      "SourceAccountNumber": 14701175,
      "TargetAccountNumber": 14701175,
      "Description": "Transfer from checking to savings account-(TRANSFER)"
    },
    {
      "$id": "4",
      "TransactionId": "066eb875-ebb3-4df9-abec-34af44bb3e19",
      "TransactionType": "Transfer",
      "TransactionDate": "2023-04-30",
      "TransactionTime": "12:00:00",
      "PriorBalance": 16700,
      "TransactionAmount": 900,
      "SourceAccountNumber": 14701175,
      "TargetAccountNumber": 14701175,
      "Description": "Transfer from checking to savings account-(TRANSFER)"
    },
    {
      "$id": "5",
      "TransactionId": "365c009e-11f2-4621-9e4d-d0d9d1cfd923",
      "TransactionType": "Transfer",
      "TransactionDate": "2023-05-15",
      "TransactionTime": "08:00:00",
      "PriorBalance": 17600,
      "TransactionAmount": 1400,
      "SourceAccountNumber": 14701175,
      "TargetAccountNumber": 14701175,
      "Description": "free overdraft protection-(TRANSFER)-(TRANSFER)"
    },
    {
      "$id": "6",
      "TransactionId": "3ffdbfb4-bbb3-4d2e-b6fa-a6274b4c36bf",
      "TransactionType": "Transfer",
      "TransactionDate": "2023-08-12",
      "TransactionTime": "21:00:00",
      "PriorBalance": 16200,
      "TransactionAmount": 1202,
      "SourceAccountNumber": 14701175,
      "TargetAccountNumber": 14701175,
      "Description": "free overdraft protection-(TRANSFER)-(TRANSFER)"
    },
    {
      "$id": "7",
      "TransactionId": "ad3e388f-4dfb-4615-ab60-21e1aa66b592",
      "TransactionType": "Transfer",
      "TransactionDate": "2023-09-11",
      "TransactionTime": "08:00:00",
      "PriorBalance": 14998,
      "TransactionAmount": 1400,
      "SourceAccountNumber": 14701175,
      "TargetAccountNumber": 14701175,
      "Description": "free overdraft protection-(TRANSFER)-(TRANSFER)"
    },
    {
      "$id": "8",
      "TransactionId": "ed067919-a39b-456e-9778-b01bc9e39cba",
      "TransactionType": "Transfer",
      "TransactionDate": "2023-11-13",
      "TransactionTime": "08:00:00",
      "PriorBalance": 13598,
      "TransactionAmount": 1400,
      "SourceAccountNumber": 14701175,
      "TargetAccountNumber": 14701175,
      "Description": "free overdraft protection-(TRANSFER)-(TRANSFER)"
    },
    {
      "$id": "9",
      "TransactionId": "c4923f13-a27f-4a3b-b8d7-262d2cf960bb",
      "TransactionType": "Transfer",
      "TransactionDate": "2023-12-31",
      "TransactionTime": "12:00:00",
      "PriorBalance": 12198,
      "TransactionAmount": 800,
      "SourceAccountNumber": 14701175,
      "TargetAccountNumber": 14701175,
      "Description": "Transfer from checking to savings account-(TRANSFER)"
    },
    {
      "$id": "10",
      "TransactionId": "de05ab05-f819-4240-9ab2-12bfb6c91ecd",
      "TransactionType": "Transfer",
      "TransactionDate": "2024-01-10",
      "TransactionTime": "12:00:00",
      "PriorBalance": 12998,
      "TransactionAmount": 1050,
      "SourceAccountNumber": 14701175,
      "TargetAccountNumber": 14701175,
      "Description": "free overdraft protection-(TRANSFER)-(TRANSFER)"
    },
    {
      "$id": "11",
      "TransactionId": "d7ab394c-873c-4375-9a51-7243fcf6156c",
      "TransactionType": "Transfer",
      "TransactionDate": "2024-03-11",
      "TransactionTime": "08:00:00",
      "PriorBalance": 11948,
      "TransactionAmount": 1400,
      "SourceAccountNumber": 14701175,
      "TargetAccountNumber": 14701175,
      "Description": "free overdraft protection-(TRANSFER)-(TRANSFER)"
    },
    {
      "$id": "12",
      "TransactionId": "ac24ea71-d8f3-4685-a811-18d5ba3d465e",
      "TransactionType": "Transfer",
      "TransactionDate": "2024-04-30",
      "TransactionTime": "12:00:00",
      "PriorBalance": 10548,
      "TransactionAmount": 700,
      "SourceAccountNumber": 14701175,
      "TargetAccountNumber": 14701175,
      "Description": "Transfer from checking to savings account-(TRANSFER)"
    },
    {
      "$id": "13",
      "TransactionId": "1661ff5b-9c6d-4a16-87e5-15f7da1aacb8",
      "TransactionType": "Transfer",
      "TransactionDate": "2024-05-13",
      "TransactionTime": "08:00:00",
      "PriorBalance": 11248,
      "TransactionAmount": 1400,
      "SourceAccountNumber": 14701175,
      "TargetAccountNumber": 14701175,
      "Description": "free overdraft protection-(TRANSFER)-(TRANSFER)"
    },
    {
      "$id": "14",
      "TransactionId": "18892abc-c274-4660-a213-45ad1c1a91ec",
      "TransactionType": "Transfer",
      "TransactionDate": "2024-06-30",
      "TransactionTime": "12:00:00",
      "PriorBalance": 9848,
      "TransactionAmount": 800,
      "SourceAccountNumber": 14701175,
      "TargetAccountNumber": 14701175,
      "Description": "Transfer from checking to savings account-(TRANSFER)"
    },
    {
      "$id": "15",
      "TransactionId": "e3e734cc-e4e9-477a-ab91-8e758d1c4609",
      "TransactionType": "Transfer",
      "TransactionDate": "2024-08-12",
      "TransactionTime": "08:00:00",
      "PriorBalance": 10648,
      "TransactionAmount": 1400,
      "SourceAccountNumber": 14701175,
      "TargetAccountNumber": 14701175,
      "Description": "free overdraft protection-(TRANSFER)-(TRANSFER)"
    },
    {
      "$id": "16",
      "TransactionId": "50768581-8679-4c51-a086-6ef8c2540c29",
      "TransactionType": "Transfer",
      "TransactionDate": "2024-09-30",
      "TransactionTime": "12:00:00",
      "PriorBalance": 9248,
      "TransactionAmount": 800,
      "SourceAccountNumber": 14701175,
      "TargetAccountNumber": 14701175,
      "Description": "Transfer from checking to savings account-(TRANSFER)"
    },
    {
      "$id": "17",
      "TransactionId": "db44c04d-c6ce-43e3-b147-bf1dcd704292",
      "TransactionType": "Transfer",
      "TransactionDate": "2024-10-14",
      "TransactionTime": "08:00:00",
      "PriorBalance": 10048,
      "TransactionAmount": 1400,
      "SourceAccountNumber": 14701175,
      "TargetAccountNumber": 14701175,
      "Description": "free overdraft protection-(TRANSFER)-(TRANSFER)"
    }
  ]
}