{
  "$id": "1",
  "$values": [
    {
      "$id": "2",
      "TransactionId": "6830ac8c-2b4c-4d90-bdde-14e51240da8c",
      "TransactionType": "Transfer",
      "TransactionDate": "2023-02-28",
      "TransactionTime": "12:00:00",
      "PriorBalance": 15000,
      "TransactionAmount": 900,
      "SourceAccountNumber": 14701247,
      "TargetAccountNumber": 14701247,
      "Description": "Transfer from checking to savings account-(TRANSFER)"
    },
    {
      "$id": "3",
      "TransactionId": "b40205de-3427-4cb7-926e-256e46758702",
      "TransactionType": "Transfer",
      "TransactionDate": "2023-03-31",
      "TransactionTime": "12:00:00",
      "PriorBalance": 15900,
      "TransactionAmount": 900,
      "SourceAccountNumber": 14701247,
      "TargetAccountNumber": 14701247,
      "Description": "Transfer from checking to savings account-(TRANSFER)"
    },
    {
      "$id": "4",
      "TransactionId": "230f568e-071d-4a33-9dbd-538046065dd0",
      "TransactionType": "Transfer",
      "TransactionDate": "2023-04-30",
      "TransactionTime": "12:00:00",
      "PriorBalance": 16800,
      "TransactionAmount": 900,
      "SourceAccountNumber": 14701247,
      "TargetAccountNumber": 14701247,
      "Description": "Transfer from checking to savings account-(TRANSFER)"
    },
    {
      "$id": "5",
      "TransactionId": "3f363101-d597-4f8f-bad2-990312f38943",
      "TransactionType": "Transfer",
      "TransactionDate": "2023-06-30",
      "TransactionTime": "12:00:00",
      "PriorBalance": 17700,
      "TransactionAmount": 900,
      "SourceAccountNumber": 14701247,
      "TargetAccountNumber": 14701247,
      "Description": "Transfer from checking to savings account-(TRANSFER)"
    },
    {
      "$id": "6",
      "TransactionId": "aea718d4-9241-4a45-8b71-62beb88bca6f",
      "TransactionType": "Transfer",
      "TransactionDate": "2023-10-09",
      "TransactionTime": "08:00:00",
      "PriorBalance": 18600,
      "TransactionAmount": 1400,
      "SourceAccountNumber": 14701247,
      "TargetAccountNumber": 14701247,
      "Description": "free overdraft protection-(TRANSFER)-(TRANSFER)"
    },
    {
      "$id": "7",
      "TransactionId": "006bf0c6-75a0-47f2-864a-ca936a3615b5",
      "TransactionType": "Transfer",
      "TransactionDate": "2023-11-30",
      "TransactionTime": "12:00:00",
      "PriorBalance": 17200,
      "TransactionAmount": 900,
      "SourceAccountNumber": 14701247,
      "TargetAccountNumber": 14701247,
      "Description": "Transfer from checking to savings account-(TRANSFER)"
    },
    {
      "$id": "8",
      "TransactionId": "85ec186a-ab4f-421a-8328-c7e0996305fd",
      "TransactionType": "Transfer",
      "TransactionDate": "2024-08-12",
      "TransactionTime": "08:00:00",
      "PriorBalance": 18100,
      "TransactionAmount": 1400,
      "SourceAccountNumber": 14701247,
      "TargetAccountNumber": 14701247,
      "Description": "free overdraft protection-(TRANSFER)-(TRANSFER)"
    },
    {
      "$id": "9",
      "TransactionId": "aa0f50b5-6d18-43a4-b4d1-089c273cc5b3",
      "TransactionType": "Transfer",
      "TransactionDate": "2024-11-11",
      "TransactionTime": "08:00:00",
      "PriorBalance": 16700,
      "TransactionAmount": 1400,
      "SourceAccountNumber": 14701247,
      "TargetAccountNumber": 14701247,
      "Description": "free overdraft protection-(TRANSFER)-(TRANSFER)"
    },
    {
      "$id": "10",
      "TransactionId": "16d393e2-d23c-41fc-9cc0-e25608e5d30d",
      "TransactionType": "Transfer",
      "TransactionDate": "2024-12-31",
      "TransactionTime": "12:00:00",
      "PriorBalance": 15300,
      "TransactionAmount": 800,
      "SourceAccountNumber": 14701247,
      "TargetAccountNumber": 14701247,
      "Description": "Transfer from checking to savings account-(TRANSFER)"
    }
  ]
}