{
  "$id": "1",
  "$values": [
    {
      "$id": "2",
      "TransactionId": "430a29c9-b0c5-48fa-8361-c7f4139d7190",
      "TransactionType": "Transfer",
      "TransactionDate": "2023-02-28",
      "TransactionTime": "12:00:00",
      "PriorBalance": 15000,
      "TransactionAmount": 900,
      "SourceAccountNumber": 14701202,
      "TargetAccountNumber": 14701202,
      "Description": "Transfer from checking to savings account-(TRANSFER)"
    },
    {
      "$id": "3",
      "TransactionId": "c868b0a3-3610-487e-b6ed-9d97a809c36f",
      "TransactionType": "Transfer",
      "TransactionDate": "2023-03-31",
      "TransactionTime": "12:00:00",
      "PriorBalance": 15900,
      "TransactionAmount": 900,
      "SourceAccountNumber": 14701202,
      "TargetAccountNumber": 14701202,
      "Description": "Transfer from checking to savings account-(TRANSFER)"
    },
    {
      "$id": "4",
      "TransactionId": "3d2418c5-f91b-4d72-a9f6-0ec6e3ed2893",
      "TransactionType": "Transfer",
      "TransactionDate": "2023-04-30",
      "TransactionTime": "12:00:00",
      "PriorBalance": 16800,
      "TransactionAmount": 700,
      "SourceAccountNumber": 14701202,
      "TargetAccountNumber": 14701202,
      "Description": "Transfer from checking to savings account-(TRANSFER)"
    },
    {
      "$id": "5",
      "TransactionId": "c8912679-b903-4056-bce2-a12a53e7a114",
      "TransactionType": "Transfer",
      "TransactionDate": "2023-05-15",
      "TransactionTime": "08:00:00",
      "PriorBalance": 17500,
      "TransactionAmount": 1400,
      "SourceAccountNumber": 14701202,
      "TargetAccountNumber": 14701202,
      "Description": "free overdraft protection-(TRANSFER)-(TRANSFER)"
    },
    {
      "$id": "6",
      "TransactionId": "b1ead52b-0046-46af-b557-2e5f31c388ec",
      "TransactionType": "Transfer",
      "TransactionDate": "2023-06-30",
      "TransactionTime": "12:00:00",
      "PriorBalance": 16100,
      "TransactionAmount": 800,
      "SourceAccountNumber": 14701202,
      "TargetAccountNumber": 14701202,
      "Description": "Transfer from checking to savings account-(TRANSFER)"
    },
    {
      "$id": "7",
      "TransactionId": "a793f0db-eac3-4dad-b08a-de9ff075fdc9",
      "TransactionType": "Transfer",
      "TransactionDate": "2023-10-09",
      "TransactionTime": "08:00:00",
      "PriorBalance": 16900,
      "TransactionAmount": 1400,
      "SourceAccountNumber": 14701202,
      "TargetAccountNumber": 14701202,
      "Description": "free overdraft protection-(TRANSFER)-(TRANSFER)"
    },
    {
      "$id": "8",
      "TransactionId": "70350682-69a6-4c8f-bfb1-df81f410c533",
      "TransactionType": "Transfer",
      "TransactionDate": "2023-12-04",
      "TransactionTime": "08:00:00",
      "PriorBalance": 15500,
      "TransactionAmount": 1400,
      "SourceAccountNumber": 14701202,
      "TargetAccountNumber": 14701202,
      "Description": "free overdraft protection-(TRANSFER)-(TRANSFER)"
    },
    {
      "$id": "9",
      "TransactionId": "29b18efe-209a-4841-a3de-fcdd5a9a0aec",
      "TransactionType": "Transfer",
      "TransactionDate": "2024-01-15",
      "TransactionTime": "08:00:00",
      "PriorBalance": 14100,
      "TransactionAmount": 1400,
      "SourceAccountNumber": 14701202,
      "TargetAccountNumber": 14701202,
      "Description": "free overdraft protection-(TRANSFER)-(TRANSFER)"
    },
    {
      "$id": "10",
      "TransactionId": "127aab4e-7999-4484-b85f-c2d5f864200e",
      "TransactionType": "Transfer",
      "TransactionDate": "2024-02-29",
      "TransactionTime": "12:00:00",
      "PriorBalance": 12700,
      "TransactionAmount": 700,
      "SourceAccountNumber": 14701202,
      "TargetAccountNumber": 14701202,
      "Description": "Transfer from checking to savings account-(TRANSFER)"
    },
    {
      "$id": "11",
      "TransactionId": "9442f5d5-d34d-4c15-bc5b-42e7f2a82b8e",
      "TransactionType": "Transfer",
      "TransactionDate": "2024-04-08",
      "TransactionTime": "08:00:00",
      "PriorBalance": 13400,
      "TransactionAmount": 1400,
      "SourceAccountNumber": 14701202,
      "TargetAccountNumber": 14701202,
      "Description": "free overdraft protection-(TRANSFER)-(TRANSFER)"
    },
    {
      "$id": "12",
      "TransactionId": "71331e20-06d7-4873-a328-527997d8441e",
      "TransactionType": "Transfer",
      "TransactionDate": "2024-05-31",
      "TransactionTime": "12:00:00",
      "PriorBalance": 12000,
      "TransactionAmount": 800,
      "SourceAccountNumber": 14701202,
      "TargetAccountNumber": 14701202,
      "Description": "Transfer from checking to savings account-(TRANSFER)"
    },
    {
      "$id": "13",
      "TransactionId": "efe393cd-7441-44cb-91c1-367ecd012079",
      "TransactionType": "Transfer",
      "TransactionDate": "2024-07-01",
      "TransactionTime": "12:00:00",
      "PriorBalance": 12800,
      "TransactionAmount": 4023.6,
      "SourceAccountNumber": 14701202,
      "TargetAccountNumber": 14701202,
      "Description": "free overdraft protection-(TRANSFER)-(TRANSFER)"
    },
    {
      "$id": "14",
      "TransactionId": "2f580360-8da7-4215-bdc4-0b79edede4d2",
      "TransactionType": "Transfer",
      "TransactionDate": "2024-08-31",
      "TransactionTime": "12:00:00",
      "PriorBalance": 8776.4,
      "TransactionAmount": 800,
      "SourceAccountNumber": 14701202,
      "TargetAccountNumber": 14701202,
      "Description": "Transfer from checking to savings account-(TRANSFER)"
    },
    {
      "$id": "15",
      "TransactionId": "b3a38e86-c682-45aa-a223-a0a959a31304",
      "TransactionType": "Transfer",
      "TransactionDate": "2024-09-30",
      "TransactionTime": "12:00:00",
      "PriorBalance": 9576.4,
      "TransactionAmount": 800,
      "SourceAccountNumber": 14701202,
      "TargetAccountNumber": 14701202,
      "Description": "Transfer from checking to savings account-(TRANSFER)"
    },
    {
      "$id": "16",
      "TransactionId": "d2c8814c-c433-4c35-9f73-ec8fd7140400",
      "TransactionType": "Transfer",
      "TransactionDate": "2024-10-31",
      "TransactionTime": "12:00:00",
      "PriorBalance": 10376.4,
      "TransactionAmount": 800,
      "SourceAccountNumber": 14701202,
      "TargetAccountNumber": 14701202,
      "Description": "Transfer from checking to savings account-(TRANSFER)"
    },
    {
      "$id": "17",
      "TransactionId": "7df61d27-b6e6-4648-81ce-0c18f30ddeac",
      "TransactionType": "Transfer",
      "TransactionDate": "2024-12-09",
      "TransactionTime": "08:00:00",
      "PriorBalance": 11176.4,
      "TransactionAmount": 1400,
      "SourceAccountNumber": 14701202,
      "TargetAccountNumber": 14701202,
      "Description": "free overdraft protection-(TRANSFER)-(TRANSFER)"
    },
    {
      "$id": "18",
      "TransactionId": "0b9bc1c3-401a-4388-99ca-38bcae01ee4e",
      "TransactionType": "Transfer",
      "TransactionDate": "2025-02-28",
      "TransactionTime": "12:00:00",
      "PriorBalance": 9776.4,
      "TransactionAmount": 2461,
      "SourceAccountNumber": 14701202,
      "TargetAccountNumber": 14701202,
      "Description": "free overdraft protection-(TRANSFER)-(TRANSFER)"
    }
  ]
}