{
  "$id": "1",
  "$values": [
    {
      "$id": "2",
      "TransactionId": "aeb7e71f-0702-41c5-b57c-66d24b0e6dc8",
      "TransactionType": "Transfer",
      "TransactionDate": "2023-02-28",
      "TransactionTime": "12:00:00",
      "PriorBalance": 15000,
      "TransactionAmount": 800,
      "SourceAccountNumber": 14701214,
      "TargetAccountNumber": 14701214,
      "Description": "Transfer from checking to savings account-(TRANSFER)"
    },
    {
      "$id": "3",
      "TransactionId": "5e8bce28-1c6c-4271-bb18-fc630f306164",
      "TransactionType": "Transfer",
      "TransactionDate": "2023-03-31",
      "TransactionTime": "12:00:00",
      "PriorBalance": 15800,
      "TransactionAmount": 900,
      "SourceAccountNumber": 14701214,
      "TargetAccountNumber": 14701214,
      "Description": "Transfer from checking to savings account-(TRANSFER)"
    },
    {
      "$id": "4",
      "TransactionId": "065a6d99-5ea7-49fb-86db-e00af2066630",
      "TransactionType": "Transfer",
      "TransactionDate": "2023-04-30",
      "TransactionTime": "12:00:00",
      "PriorBalance": 16700,
      "TransactionAmount": 800,
      "SourceAccountNumber": 14701214,
      "TargetAccountNumber": 14701214,
      "Description": "Transfer from checking to savings account-(TRANSFER)"
    },
    {
      "$id": "5",
      "TransactionId": "5ee94981-c8b4-4c1e-9018-4b17eab3b75a",
      "TransactionType": "Transfer",
      "TransactionDate": "2023-06-12",
      "TransactionTime": "08:00:00",
      "PriorBalance": 17500,
      "TransactionAmount": 1400,
      "SourceAccountNumber": 14701214,
      "TargetAccountNumber": 14701214,
      "Description": "free overdraft protection-(TRANSFER)-(TRANSFER)"
    },
    {
      "$id": "6",
      "TransactionId": "3ed610f0-6322-45ed-933d-6ba0ff452846",
      "TransactionType": "Transfer",
      "TransactionDate": "2023-07-31",
      "TransactionTime": "12:00:00",
      "PriorBalance": 16100,
      "TransactionAmount": 900,
      "SourceAccountNumber": 14701214,
      "TargetAccountNumber": 14701214,
      "Description": "Transfer from checking to savings account-(TRANSFER)"
    },
    {
      "$id": "7",
      "TransactionId": "a673f51c-61f9-4bc5-a5ec-03ba755eccd8",
      "TransactionType": "Transfer",
      "TransactionDate": "2023-09-11",
      "TransactionTime": "08:00:00",
      "PriorBalance": 17000,
      "TransactionAmount": 1400,
      "SourceAccountNumber": 14701214,
      "TargetAccountNumber": 14701214,
      "Description": "free overdraft protection-(TRANSFER)-(TRANSFER)"
    },
    {
      "$id": "8",
      "TransactionId": "0a6e062f-7b61-4d9e-9609-75977b6eab00",
      "TransactionType": "Transfer",
      "TransactionDate": "2023-10-31",
      "TransactionTime": "12:00:00",
      "PriorBalance": 15600,
      "TransactionAmount": 900,
      "SourceAccountNumber": 14701214,
      "TargetAccountNumber": 14701214,
      "Description": "Transfer from checking to savings account-(TRANSFER)"
    },
    {
      "$id": "9",
      "TransactionId": "a184bb58-7e7c-44bb-a7b2-1b7e4b712cfb",
      "TransactionType": "Transfer",
      "TransactionDate": "2023-11-30",
      "TransactionTime": "12:00:00",
      "PriorBalance": 16500,
      "TransactionAmount": 800,
      "SourceAccountNumber": 14701214,
      "TargetAccountNumber": 14701214,
      "Description": "Transfer from checking to savings account-(TRANSFER)"
    },
    {
      "$id": "10",
      "TransactionId": "86a300e5-4052-41d9-8fb0-b73405f79bb0",
      "TransactionType": "Transfer",
      "TransactionDate": "2024-01-08",
      "TransactionTime": "08:00:00",
      "PriorBalance": 17300,
      "TransactionAmount": 1400,
      "SourceAccountNumber": 14701214,
      "TargetAccountNumber": 14701214,
      "Description": "free overdraft protection-(TRANSFER)-(TRANSFER)"
    },
    {
      "$id": "11",
      "TransactionId": "d005050c-a002-445e-ad06-11955f66b543",
      "TransactionType": "Transfer",
      "TransactionDate": "2024-04-13",
      "TransactionTime": "21:00:00",
      "PriorBalance": 15900,
      "TransactionAmount": 1213,
      "SourceAccountNumber": 14701214,
      "TargetAccountNumber": 14701214,
      "Description": "free overdraft protection-(TRANSFER)-(TRANSFER)"
    },
    {
      "$id": "12",
      "TransactionId": "ef26e4ff-4ee2-41b7-9201-0a16999e2b48",
      "TransactionType": "Transfer",
      "TransactionDate": "2024-05-31",
      "TransactionTime": "12:00:00",
      "PriorBalance": 14687,
      "TransactionAmount": 800,
      "SourceAccountNumber": 14701214,
      "TargetAccountNumber": 14701214,
      "Description": "Transfer from checking to savings account-(TRANSFER)"
    },
    {
      "$id": "13",
      "TransactionId": "449310b5-106a-4f63-86eb-29fa2d9f0c4b",
      "TransactionType": "Transfer",
      "TransactionDate": "2024-06-08",
      "TransactionTime": "21:00:00",
      "PriorBalance": 15487,
      "TransactionAmount": 1179,
      "SourceAccountNumber": 14701214,
      "TargetAccountNumber": 14701214,
      "Description": "free overdraft protection-(TRANSFER)-(TRANSFER)"
    },
    {
      "$id": "14",
      "TransactionId": "66839b37-6938-42eb-9ec3-22a743cf9694",
      "TransactionType": "Transfer",
      "TransactionDate": "2024-07-31",
      "TransactionTime": "12:00:00",
      "PriorBalance": 14308,
      "TransactionAmount": 900,
      "SourceAccountNumber": 14701214,
      "TargetAccountNumber": 14701214,
      "Description": "Transfer from checking to savings account-(TRANSFER)"
    },
    {
      "$id": "15",
      "TransactionId": "63c1571c-bd41-40a2-85ad-72cca294408b",
      "TransactionType": "Transfer",
      "TransactionDate": "2024-09-30",
      "TransactionTime": "12:00:00",
      "PriorBalance": 15208,
      "TransactionAmount": 700,
      "SourceAccountNumber": 14701214,
      "TargetAccountNumber": 14701214,
      "Description": "Transfer from checking to savings account-(TRANSFER)"
    },
    {
      "$id": "16",
      "TransactionId": "016d385f-34d8-47ea-b351-d1f6f9b3a460",
      "TransactionType": "Transfer",
      "TransactionDate": "2024-10-07",
      "TransactionTime": "08:00:00",
      "PriorBalance": 15908,
      "TransactionAmount": 1400,
      "SourceAccountNumber": 14701214,
      "TargetAccountNumber": 14701214,
      "Description": "free overdraft protection-(TRANSFER)-(TRANSFER)"
    },
    {
      "$id": "17",
      "TransactionId": "8495f628-2fa1-4b48-94b1-b8452572f96f",
      "TransactionType": "Transfer",
      "TransactionDate": "2024-12-16",
      "TransactionTime": "08:00:00",
      "PriorBalance": 14508,
      "TransactionAmount": 1400,
      "SourceAccountNumber": 14701214,
      "TargetAccountNumber": 14701214,
      "Description": "free overdraft protection-(TRANSFER)-(TRANSFER)"
    },
    {
      "$id": "18",
      "TransactionId": "32f39fec-c030-4d57-bc31-d7597d12d2bc",
      "TransactionType": "Transfer",
      "TransactionDate": "2025-01-31",
      "TransactionTime": "12:00:00",
      "PriorBalance": 13108,
      "TransactionAmount": 900,
      "SourceAccountNumber": 14701214,
      "TargetAccountNumber": 14701214,
      "Description": "Transfer from checking to savings account-(TRANSFER)"
    },
    {
      "$id": "19",
      "TransactionId": "29130bef-9818-4c58-8d95-f4d8b0dee39a",
      "TransactionType": "Transfer",
      "TransactionDate": "2025-02-28",
      "TransactionTime": "12:00:00",
      "PriorBalance": 14008,
      "TransactionAmount": 700,
      "SourceAccountNumber": 14701214,
      "TargetAccountNumber": 14701214,
      "Description": "Transfer from checking to savings account-(TRANSFER)"
    }
  ]
}