{
  "$id": "1",
  "$values": [
    {
      "$id": "2",
      "TransactionId": "24da0797-4f43-48f1-ae4e-2cf57fb8b7fa",
      "TransactionType": "Transfer",
      "TransactionDate": "2023-02-28",
      "TransactionTime": "12:00:00",
      "PriorBalance": 15000,
      "TransactionAmount": 800,
      "SourceAccountNumber": 14701256,
      "TargetAccountNumber": 14701256,
      "Description": "Transfer from checking to savings account-(TRANSFER)"
    },
    {
      "$id": "3",
      "TransactionId": "6c4a6a9a-a0dd-4eb1-a0a3-1eb12adb3cd5",
      "TransactionType": "Transfer",
      "TransactionDate": "2023-03-31",
      "TransactionTime": "12:00:00",
      "PriorBalance": 15800,
      "TransactionAmount": 800,
      "SourceAccountNumber": 14701256,
      "TargetAccountNumber": 14701256,
      "Description": "Transfer from checking to savings account-(TRANSFER)"
    },
    {
      "$id": "4",
      "TransactionId": "7dbc29bc-de2b-4885-a212-0d1bb0ea574f",
      "TransactionType": "Transfer",
      "TransactionDate": "2023-07-31",
      "TransactionTime": "12:00:00",
      "PriorBalance": 16600,
      "TransactionAmount": 900,
      "SourceAccountNumber": 14701256,
      "TargetAccountNumber": 14701256,
      "Description": "Transfer from checking to savings account-(TRANSFER)"
    },
    {
      "$id": "5",
      "TransactionId": "f0c3256e-7f74-4e7c-a4e8-f52defca7329",
      "TransactionType": "Transfer",
      "TransactionDate": "2023-09-11",
      "TransactionTime": "08:00:00",
      "PriorBalance": 17500,
      "TransactionAmount": 1400,
      "SourceAccountNumber": 14701256,
      "TargetAccountNumber": 14701256,
      "Description": "free overdraft protection-(TRANSFER)-(TRANSFER)"
    },
    {
      "$id": "6",
      "TransactionId": "046e21c8-a30d-4a03-878d-e1a969980704",
      "TransactionType": "Transfer",
      "TransactionDate": "2023-10-31",
      "TransactionTime": "12:00:00",
      "PriorBalance": 16100,
      "TransactionAmount": 900,
      "SourceAccountNumber": 14701256,
      "TargetAccountNumber": 14701256,
      "Description": "Transfer from checking to savings account-(TRANSFER)"
    },
    {
      "$id": "7",
      "TransactionId": "792e4ebc-6599-4b9c-ae8e-afde3e0e6cd2",
      "TransactionType": "Transfer",
      "TransactionDate": "2024-01-15",
      "TransactionTime": "08:00:00",
      "PriorBalance": 17000,
      "TransactionAmount": 1400,
      "SourceAccountNumber": 14701256,
      "TargetAccountNumber": 14701256,
      "Description": "free overdraft protection-(TRANSFER)-(TRANSFER)"
    },
    {
      "$id": "8",
      "TransactionId": "c3d50571-27da-427e-8af9-c73d02b906a0",
      "TransactionType": "Transfer",
      "TransactionDate": "2024-04-08",
      "TransactionTime": "08:00:00",
      "PriorBalance": 15600,
      "TransactionAmount": 1400,
      "SourceAccountNumber": 14701256,
      "TargetAccountNumber": 14701256,
      "Description": "free overdraft protection-(TRANSFER)-(TRANSFER)"
    },
    {
      "$id": "9",
      "TransactionId": "0ebd1260-73de-4245-896d-627a0da95d3d",
      "TransactionType": "Transfer",
      "TransactionDate": "2024-06-10",
      "TransactionTime": "08:00:00",
      "PriorBalance": 14200,
      "TransactionAmount": 1400,
      "SourceAccountNumber": 14701256,
      "TargetAccountNumber": 14701256,
      "Description": "free overdraft protection-(TRANSFER)-(TRANSFER)"
    },
    {
      "$id": "10",
      "TransactionId": "86cbc67d-e6c8-4624-bb4e-343dfe1c79b8",
      "TransactionType": "Transfer",
      "TransactionDate": "2024-10-12",
      "TransactionTime": "21:00:00",
      "PriorBalance": 12800,
      "TransactionAmount": 1185,
      "SourceAccountNumber": 14701256,
      "TargetAccountNumber": 14701256,
      "Description": "free overdraft protection-(TRANSFER)-(TRANSFER)"
    },
    {
      "$id": "11",
      "TransactionId": "4636f63e-bc9d-4592-a56e-fc35b50cbf93",
      "TransactionType": "Transfer",
      "TransactionDate": "2024-12-09",
      "TransactionTime": "08:00:00",
      "PriorBalance": 11615,
      "TransactionAmount": 1400,
      "SourceAccountNumber": 14701256,
      "TargetAccountNumber": 14701256,
      "Description": "free overdraft protection-(TRANSFER)-(TRANSFER)"
    },
    {
      "$id": "12",
      "TransactionId": "2ea4e162-7538-4181-823a-ade3dfbb2bee",
      "TransactionType": "Transfer",
      "TransactionDate": "2025-01-31",
      "TransactionTime": "12:00:00",
      "PriorBalance": 10215,
      "TransactionAmount": 900,
      "SourceAccountNumber": 14701256,
      "TargetAccountNumber": 14701256,
      "Description": "Transfer from checking to savings account-(TRANSFER)"
    }
  ]
}