{
  "$id": "1",
  "$values": [
    {
      "$id": "2",
      "TransactionId": "69f3ae47-ee4b-4e32-aa5e-7abeb7acae79",
      "TransactionType": "Transfer",
      "TransactionDate": "2023-02-28",
      "TransactionTime": "12:00:00",
      "PriorBalance": 15000,
      "TransactionAmount": 800,
      "SourceAccountNumber": 14701292,
      "TargetAccountNumber": 14701292,
      "Description": "Transfer from checking to savings account-(TRANSFER)"
    },
    {
      "$id": "3",
      "TransactionId": "87d4bf78-3fc8-4ba0-9a55-ec9b01a0b0d6",
      "TransactionType": "Transfer",
      "TransactionDate": "2023-03-31",
      "TransactionTime": "12:00:00",
      "PriorBalance": 15800,
      "TransactionAmount": 900,
      "SourceAccountNumber": 14701292,
      "TargetAccountNumber": 14701292,
      "Description": "Transfer from checking to savings account-(TRANSFER)"
    },
    {
      "$id": "4",
      "TransactionId": "6783cd15-0668-4bb3-8e53-254960be814a",
      "TransactionType": "Transfer",
      "TransactionDate": "2023-04-30",
      "TransactionTime": "12:00:00",
      "PriorBalance": 16700,
      "TransactionAmount": 900,
      "SourceAccountNumber": 14701292,
      "TargetAccountNumber": 14701292,
      "Description": "Transfer from checking to savings account-(TRANSFER)"
    },
    {
      "$id": "5",
      "TransactionId": "db602b21-b8eb-4502-a2f7-43290e78f191",
      "TransactionType": "Transfer",
      "TransactionDate": "2023-09-11",
      "TransactionTime": "08:00:00",
      "PriorBalance": 17600,
      "TransactionAmount": 1400,
      "SourceAccountNumber": 14701292,
      "TargetAccountNumber": 14701292,
      "Description": "free overdraft protection-(TRANSFER)-(TRANSFER)"
    },
    {
      "$id": "6",
      "TransactionId": "7a6d71b1-3a4a-4057-b039-868cf77f6705",
      "TransactionType": "Transfer",
      "TransactionDate": "2023-11-30",
      "TransactionTime": "12:00:00",
      "PriorBalance": 16200,
      "TransactionAmount": 900,
      "SourceAccountNumber": 14701292,
      "TargetAccountNumber": 14701292,
      "Description": "Transfer from checking to savings account-(TRANSFER)"
    },
    {
      "$id": "7",
      "TransactionId": "4b276c06-f71d-4139-b522-716b9abbedff",
      "TransactionType": "Transfer",
      "TransactionDate": "2024-02-12",
      "TransactionTime": "08:00:00",
      "PriorBalance": 17100,
      "TransactionAmount": 1400,
      "SourceAccountNumber": 14701292,
      "TargetAccountNumber": 14701292,
      "Description": "free overdraft protection-(TRANSFER)-(TRANSFER)"
    },
    {
      "$id": "8",
      "TransactionId": "d0af656b-7a42-4d57-95dd-962681ce4e14",
      "TransactionType": "Transfer",
      "TransactionDate": "2024-03-31",
      "TransactionTime": "12:00:00",
      "PriorBalance": 15700,
      "TransactionAmount": 900,
      "SourceAccountNumber": 14701292,
      "TargetAccountNumber": 14701292,
      "Description": "Transfer from checking to savings account-(TRANSFER)"
    },
    {
      "$id": "9",
      "TransactionId": "fc920709-6985-4788-ba12-f91a50f837c1",
      "TransactionType": "Transfer",
      "TransactionDate": "2024-06-10",
      "TransactionTime": "08:00:00",
      "PriorBalance": 16600,
      "TransactionAmount": 1400,
      "SourceAccountNumber": 14701292,
      "TargetAccountNumber": 14701292,
      "Description": "free overdraft protection-(TRANSFER)-(TRANSFER)"
    },
    {
      "$id": "10",
      "TransactionId": "ccc9e733-cc2b-421f-b843-0db9d9d29caa",
      "TransactionType": "Transfer",
      "TransactionDate": "2024-07-31",
      "TransactionTime": "12:00:00",
      "PriorBalance": 15200,
      "TransactionAmount": 700,
      "SourceAccountNumber": 14701292,
      "TargetAccountNumber": 14701292,
      "Description": "Transfer from checking to savings account-(TRANSFER)"
    },
    {
      "$id": "11",
      "TransactionId": "4b1d8dc9-15c7-4c52-ae19-831762ed4cd0",
      "TransactionType": "Transfer",
      "TransactionDate": "2024-08-10",
      "TransactionTime": "21:00:00",
      "PriorBalance": 15900,
      "TransactionAmount": 1196,
      "SourceAccountNumber": 14701292,
      "TargetAccountNumber": 14701292,
      "Description": "free overdraft protection-(TRANSFER)-(TRANSFER)"
    },
    {
      "$id": "12",
      "TransactionId": "bb31aff6-f01b-4e74-8e1b-a1c08bb37a2c",
      "TransactionType": "Transfer",
      "TransactionDate": "2024-09-09",
      "TransactionTime": "08:00:00",
      "PriorBalance": 14704,
      "TransactionAmount": 1400,
      "SourceAccountNumber": 14701292,
      "TargetAccountNumber": 14701292,
      "Description": "free overdraft protection-(TRANSFER)-(TRANSFER)"
    },
    {
      "$id": "13",
      "TransactionId": "869348e9-5d14-4394-b237-ab5050e5a836",
      "TransactionType": "Transfer",
      "TransactionDate": "2024-10-31",
      "TransactionTime": "12:00:00",
      "PriorBalance": 13304,
      "TransactionAmount": 900,
      "SourceAccountNumber": 14701292,
      "TargetAccountNumber": 14701292,
      "Description": "Transfer from checking to savings account-(TRANSFER)"
    },
    {
      "$id": "14",
      "TransactionId": "c9986802-3b30-4896-beab-72522f9be8b4",
      "TransactionType": "Transfer",
      "TransactionDate": "2024-11-30",
      "TransactionTime": "12:00:00",
      "PriorBalance": 14204,
      "TransactionAmount": 700,
      "SourceAccountNumber": 14701292,
      "TargetAccountNumber": 14701292,
      "Description": "Transfer from checking to savings account-(TRANSFER)"
    },
    {
      "$id": "15",
      "TransactionId": "2724e482-98ff-45a6-ba30-af34724a8f06",
      "TransactionType": "Transfer",
      "TransactionDate": "2024-12-03",
      "TransactionTime": "12:00:00",
      "PriorBalance": 14904,
      "TransactionAmount": 1050,
      "SourceAccountNumber": 14701292,
      "TargetAccountNumber": 14701292,
      "Description": "free overdraft protection-(TRANSFER)-(TRANSFER)"
    },
    {
      "$id": "16",
      "TransactionId": "a2c6b832-e0b7-433c-844b-b27345788745",
      "TransactionType": "Transfer",
      "TransactionDate": "2024-12-16",
      "TransactionTime": "08:00:00",
      "PriorBalance": 13854,
      "TransactionAmount": 1400,
      "SourceAccountNumber": 14701292,
      "TargetAccountNumber": 14701292,
      "Description": "free overdraft protection-(TRANSFER)-(TRANSFER)"
    },
    {
      "$id": "17",
      "TransactionId": "407cc131-de72-4cbb-bb48-06cc1a3818b3",
      "TransactionType": "Transfer",
      "TransactionDate": "2025-01-31",
      "TransactionTime": "12:00:00",
      "PriorBalance": 12454,
      "TransactionAmount": 900,
      "SourceAccountNumber": 14701292,
      "TargetAccountNumber": 14701292,
      "Description": "Transfer from checking to savings account-(TRANSFER)"
    },
    {
      "$id": "18",
      "TransactionId": "6928668b-dbe2-4adb-8c85-f63b6fccb4c6",
      "TransactionType": "Transfer",
      "TransactionDate": "2025-02-28",
      "TransactionTime": "12:00:00",
      "PriorBalance": 13354,
      "TransactionAmount": 900,
      "SourceAccountNumber": 14701292,
      "TargetAccountNumber": 14701292,
      "Description": "Transfer from checking to savings account-(TRANSFER)"
    }
  ]
}