{
  "$id": "1",
  "$values": [
    {
      "$id": "2",
      "TransactionId": "70edb5ab-d48e-4281-8c31-f6130bd6e073",
      "TransactionType": "Transfer",
      "TransactionDate": "2023-02-28",
      "TransactionTime": "12:00:00",
      "PriorBalance": 15000,
      "TransactionAmount": 900,
      "SourceAccountNumber": 14701298,
      "TargetAccountNumber": 14701298,
      "Description": "Transfer from checking to savings account-(TRANSFER)"
    },
    {
      "$id": "3",
      "TransactionId": "ff022c00-d2c0-41a5-b70a-0643a3a69f3b",
      "TransactionType": "Transfer",
      "TransactionDate": "2023-03-31",
      "TransactionTime": "12:00:00",
      "PriorBalance": 15900,
      "TransactionAmount": 800,
      "SourceAccountNumber": 14701298,
      "TargetAccountNumber": 14701298,
      "Description": "Transfer from checking to savings account-(TRANSFER)"
    },
    {
      "$id": "4",
      "TransactionId": "d8a8a988-f4a0-46ca-9a74-3b5f0b906366",
      "TransactionType": "Transfer",
      "TransactionDate": "2023-04-30",
      "TransactionTime": "12:00:00",
      "PriorBalance": 16700,
      "TransactionAmount": 900,
      "SourceAccountNumber": 14701298,
      "TargetAccountNumber": 14701298,
      "Description": "Transfer from checking to savings account-(TRANSFER)"
    },
    {
      "$id": "5",
      "TransactionId": "2b0a8bc9-8342-49ef-abcf-15f7e3c74d6b",
      "TransactionType": "Transfer",
      "TransactionDate": "2023-05-15",
      "TransactionTime": "08:00:00",
      "PriorBalance": 17600,
      "TransactionAmount": 1400,
      "SourceAccountNumber": 14701298,
      "TargetAccountNumber": 14701298,
      "Description": "free overdraft protection-(TRANSFER)-(TRANSFER)"
    },
    {
      "$id": "6",
      "TransactionId": "b3238b48-a770-4d94-9dc5-b42874b73d87",
      "TransactionType": "Transfer",
      "TransactionDate": "2023-06-30",
      "TransactionTime": "12:00:00",
      "PriorBalance": 16200,
      "TransactionAmount": 800,
      "SourceAccountNumber": 14701298,
      "TargetAccountNumber": 14701298,
      "Description": "Transfer from checking to savings account-(TRANSFER)"
    },
    {
      "$id": "7",
      "TransactionId": "daca1189-bb43-4db9-8053-c86d89456137",
      "TransactionType": "Transfer",
      "TransactionDate": "2023-08-07",
      "TransactionTime": "08:00:00",
      "PriorBalance": 17000,
      "TransactionAmount": 1400,
      "SourceAccountNumber": 14701298,
      "TargetAccountNumber": 14701298,
      "Description": "free overdraft protection-(TRANSFER)-(TRANSFER)"
    },
    {
      "$id": "8",
      "TransactionId": "88f0dbe4-192c-44d5-94fa-9964e4000822",
      "TransactionType": "Transfer",
      "TransactionDate": "2023-10-09",
      "TransactionTime": "08:00:00",
      "PriorBalance": 15600,
      "TransactionAmount": 1400,
      "SourceAccountNumber": 14701298,
      "TargetAccountNumber": 14701298,
      "Description": "free overdraft protection-(TRANSFER)-(TRANSFER)"
    },
    {
      "$id": "9",
      "TransactionId": "6751775e-f184-4a3c-8aa8-bdc2822c7a96",
      "TransactionType": "Transfer",
      "TransactionDate": "2023-11-30",
      "TransactionTime": "12:00:00",
      "PriorBalance": 14200,
      "TransactionAmount": 900,
      "SourceAccountNumber": 14701298,
      "TargetAccountNumber": 14701298,
      "Description": "Transfer from checking to savings account-(TRANSFER)"
    },
    {
      "$id": "10",
      "TransactionId": "fa95435d-d9af-40bb-a66d-68daf6022b4e",
      "TransactionType": "Transfer",
      "TransactionDate": "2024-01-13",
      "TransactionTime": "21:00:00",
      "PriorBalance": 15100,
      "TransactionAmount": 1153,
      "SourceAccountNumber": 14701298,
      "TargetAccountNumber": 14701298,
      "Description": "free overdraft protection-(TRANSFER)-(TRANSFER)"
    },
    {
      "$id": "11",
      "TransactionId": "ff6847f6-ca72-4f82-a67c-19e9051b587e",
      "TransactionType": "Transfer",
      "TransactionDate": "2024-02-29",
      "TransactionTime": "12:00:00",
      "PriorBalance": 13947,
      "TransactionAmount": 700,
      "SourceAccountNumber": 14701298,
      "TargetAccountNumber": 14701298,
      "Description": "Transfer from checking to savings account-(TRANSFER)"
    },
    {
      "$id": "12",
      "TransactionId": "282a6b8f-c447-48d2-a742-ad1e95b3569a",
      "TransactionType": "Transfer",
      "TransactionDate": "2024-09-09",
      "TransactionTime": "08:00:00",
      "PriorBalance": 14647,
      "TransactionAmount": 1400,
      "SourceAccountNumber": 14701298,
      "TargetAccountNumber": 14701298,
      "Description": "free overdraft protection-(TRANSFER)-(TRANSFER)"
    },
    {
      "$id": "13",
      "TransactionId": "83a50605-0e92-4360-825b-e64341d8ce0a",
      "TransactionType": "Transfer",
      "TransactionDate": "2025-01-31",
      "TransactionTime": "12:00:00",
      "PriorBalance": 13247,
      "TransactionAmount": 900,
      "SourceAccountNumber": 14701298,
      "TargetAccountNumber": 14701298,
      "Description": "Transfer from checking to savings account-(TRANSFER)"
    }
  ]
}