{
  "$id": "1",
  "$values": [
    {
      "$id": "2",
      "TransactionId": "0716ff14-1fa4-4e2b-ac5a-f7cd982455bd",
      "TransactionType": "Transfer",
      "TransactionDate": "2023-02-28",
      "TransactionTime": "12:00:00",
      "PriorBalance": 15000,
      "TransactionAmount": 800,
      "SourceAccountNumber": 14701283,
      "TargetAccountNumber": 14701283,
      "Description": "Transfer from checking to savings account-(TRANSFER)"
    },
    {
      "$id": "3",
      "TransactionId": "33903b71-b936-4570-89b0-3f949299f53e",
      "TransactionType": "Transfer",
      "TransactionDate": "2023-03-31",
      "TransactionTime": "12:00:00",
      "PriorBalance": 15800,
      "TransactionAmount": 800,
      "SourceAccountNumber": 14701283,
      "TargetAccountNumber": 14701283,
      "Description": "Transfer from checking to savings account-(TRANSFER)"
    },
    {
      "$id": "4",
      "TransactionId": "df120fb6-3c88-4de4-a939-18bcf56bfa36",
      "TransactionType": "Transfer",
      "TransactionDate": "2023-05-15",
      "TransactionTime": "08:00:00",
      "PriorBalance": 16600,
      "TransactionAmount": 1400,
      "SourceAccountNumber": 14701283,
      "TargetAccountNumber": 14701283,
      "Description": "free overdraft protection-(TRANSFER)-(TRANSFER)"
    },
    {
      "$id": "5",
      "TransactionId": "589c5850-139a-4936-815f-f8e5f0344329",
      "TransactionType": "Transfer",
      "TransactionDate": "2023-06-30",
      "TransactionTime": "12:00:00",
      "PriorBalance": 15200,
      "TransactionAmount": 700,
      "SourceAccountNumber": 14701283,
      "TargetAccountNumber": 14701283,
      "Description": "Transfer from checking to savings account-(TRANSFER)"
    },
    {
      "$id": "6",
      "TransactionId": "4f0ab0fb-978b-4071-9df6-f0c15835bfd0",
      "TransactionType": "Transfer",
      "TransactionDate": "2023-07-03",
      "TransactionTime": "08:00:00",
      "PriorBalance": 15900,
      "TransactionAmount": 1400,
      "SourceAccountNumber": 14701283,
      "TargetAccountNumber": 14701283,
      "Description": "free overdraft protection-(TRANSFER)-(TRANSFER)"
    },
    {
      "$id": "7",
      "TransactionId": "3efddcd9-5cd5-4cfd-9f5d-b698fc5b7a6c",
      "TransactionType": "Transfer",
      "TransactionDate": "2023-09-30",
      "TransactionTime": "12:00:00",
      "PriorBalance": 14500,
      "TransactionAmount": 900,
      "SourceAccountNumber": 14701283,
      "TargetAccountNumber": 14701283,
      "Description": "Transfer from checking to savings account-(TRANSFER)"
    },
    {
      "$id": "8",
      "TransactionId": "40e79f19-43ac-434c-a960-7209c2cd89e0",
      "TransactionType": "Transfer",
      "TransactionDate": "2023-12-11",
      "TransactionTime": "08:00:00",
      "PriorBalance": 15400,
      "TransactionAmount": 1400,
      "SourceAccountNumber": 14701283,
      "TargetAccountNumber": 14701283,
      "Description": "free overdraft protection-(TRANSFER)-(TRANSFER)"
    },
    {
      "$id": "9",
      "TransactionId": "2f9cb7b5-0d68-4215-814c-5c363b9f9852",
      "TransactionType": "Transfer",
      "TransactionDate": "2024-01-31",
      "TransactionTime": "12:00:00",
      "PriorBalance": 14000,
      "TransactionAmount": 900,
      "SourceAccountNumber": 14701283,
      "TargetAccountNumber": 14701283,
      "Description": "Transfer from checking to savings account-(TRANSFER)"
    },
    {
      "$id": "10",
      "TransactionId": "ecf8d127-1992-4049-94d3-c2fa0f26915c",
      "TransactionType": "Transfer",
      "TransactionDate": "2024-02-29",
      "TransactionTime": "12:00:00",
      "PriorBalance": 14900,
      "TransactionAmount": 800,
      "SourceAccountNumber": 14701283,
      "TargetAccountNumber": 14701283,
      "Description": "Transfer from checking to savings account-(TRANSFER)"
    },
    {
      "$id": "11",
      "TransactionId": "525032b9-40d7-4772-a4e2-6e9a69f2e091",
      "TransactionType": "Transfer",
      "TransactionDate": "2024-03-11",
      "TransactionTime": "08:00:00",
      "PriorBalance": 15700,
      "TransactionAmount": 1400,
      "SourceAccountNumber": 14701283,
      "TargetAccountNumber": 14701283,
      "Description": "free overdraft protection-(TRANSFER)-(TRANSFER)"
    },
    {
      "$id": "12",
      "TransactionId": "6479078a-7695-416f-8eb9-ceffa18e3499",
      "TransactionType": "Transfer",
      "TransactionDate": "2024-06-10",
      "TransactionTime": "08:00:00",
      "PriorBalance": 14300,
      "TransactionAmount": 1400,
      "SourceAccountNumber": 14701283,
      "TargetAccountNumber": 14701283,
      "Description": "free overdraft protection-(TRANSFER)-(TRANSFER)"
    },
    {
      "$id": "13",
      "TransactionId": "caf7e875-2af9-4cf3-bf27-ffdc30f764e4",
      "TransactionType": "Transfer",
      "TransactionDate": "2024-07-15",
      "TransactionTime": "08:00:00",
      "PriorBalance": 12900,
      "TransactionAmount": 1400,
      "SourceAccountNumber": 14701283,
      "TargetAccountNumber": 14701283,
      "Description": "free overdraft protection-(TRANSFER)-(TRANSFER)"
    },
    {
      "$id": "14",
      "TransactionId": "7e643cb5-1410-461a-986c-ebb5f8103898",
      "TransactionType": "Transfer",
      "TransactionDate": "2024-08-31",
      "TransactionTime": "12:00:00",
      "PriorBalance": 11500,
      "TransactionAmount": 900,
      "SourceAccountNumber": 14701283,
      "TargetAccountNumber": 14701283,
      "Description": "Transfer from checking to savings account-(TRANSFER)"
    },
    {
      "$id": "15",
      "TransactionId": "97a69df3-0da8-4dd0-b87c-44cc306595e4",
      "TransactionType": "Transfer",
      "TransactionDate": "2024-11-11",
      "TransactionTime": "08:00:00",
      "PriorBalance": 12400,
      "TransactionAmount": 1400,
      "SourceAccountNumber": 14701283,
      "TargetAccountNumber": 14701283,
      "Description": "free overdraft protection-(TRANSFER)-(TRANSFER)"
    },
    {
      "$id": "16",
      "TransactionId": "6f07c0ec-9c93-4eea-9377-305cb1babe78",
      "TransactionType": "Transfer",
      "TransactionDate": "2025-02-10",
      "TransactionTime": "08:00:00",
      "PriorBalance": 11000,
      "TransactionAmount": 1400,
      "SourceAccountNumber": 14701283,
      "TargetAccountNumber": 14701283,
      "Description": "free overdraft protection-(TRANSFER)-(TRANSFER)"
    }
  ]
}