{
  "$id": "1",
  "$values": [
    {
      "$id": "2",
      "TransactionId": "6fa6b517-2e62-44ce-83bc-cc1210919985",
      "TransactionType": "Transfer",
      "TransactionDate": "2023-02-28",
      "TransactionTime": "12:00:00",
      "PriorBalance": 15000,
      "TransactionAmount": 700,
      "SourceAccountNumber": 14701241,
      "TargetAccountNumber": 14701241,
      "Description": "Transfer from checking to savings account-(TRANSFER)"
    },
    {
      "$id": "3",
      "TransactionId": "38e586a4-9cf1-45b7-8231-2bd7d97945e6",
      "TransactionType": "Transfer",
      "TransactionDate": "2023-03-31",
      "TransactionTime": "12:00:00",
      "PriorBalance": 15700,
      "TransactionAmount": 800,
      "SourceAccountNumber": 14701241,
      "TargetAccountNumber": 14701241,
      "Description": "Transfer from checking to savings account-(TRANSFER)"
    },
    {
      "$id": "4",
      "TransactionId": "b699c45b-7901-4e10-9621-03f903578431",
      "TransactionType": "Transfer",
      "TransactionDate": "2023-04-30",
      "TransactionTime": "12:00:00",
      "PriorBalance": 16500,
      "TransactionAmount": 900,
      "SourceAccountNumber": 14701241,
      "TargetAccountNumber": 14701241,
      "Description": "Transfer from checking to savings account-(TRANSFER)"
    },
    {
      "$id": "5",
      "TransactionId": "6aba20ed-d631-4b0d-a8d9-0237ef0130bc",
      "TransactionType": "Transfer",
      "TransactionDate": "2023-05-15",
      "TransactionTime": "08:00:00",
      "PriorBalance": 17400,
      "TransactionAmount": 1400,
      "SourceAccountNumber": 14701241,
      "TargetAccountNumber": 14701241,
      "Description": "free overdraft protection-(TRANSFER)-(TRANSFER)"
    },
    {
      "$id": "6",
      "TransactionId": "f7168e00-af98-4916-9939-c4d157823509",
      "TransactionType": "Transfer",
      "TransactionDate": "2023-06-30",
      "TransactionTime": "12:00:00",
      "PriorBalance": 16000,
      "TransactionAmount": 800,
      "SourceAccountNumber": 14701241,
      "TargetAccountNumber": 14701241,
      "Description": "Transfer from checking to savings account-(TRANSFER)"
    },
    {
      "$id": "7",
      "TransactionId": "61f0dd7e-fd2b-4fd7-bb61-89dea8c2e74f",
      "TransactionType": "Transfer",
      "TransactionDate": "2023-07-10",
      "TransactionTime": "08:00:00",
      "PriorBalance": 16800,
      "TransactionAmount": 1400,
      "SourceAccountNumber": 14701241,
      "TargetAccountNumber": 14701241,
      "Description": "free overdraft protection-(TRANSFER)-(TRANSFER)"
    },
    {
      "$id": "8",
      "TransactionId": "d1ef213f-0fc0-4bde-9af2-49007642ed33",
      "TransactionType": "Transfer",
      "TransactionDate": "2023-08-31",
      "TransactionTime": "12:00:00",
      "PriorBalance": 15400,
      "TransactionAmount": 700,
      "SourceAccountNumber": 14701241,
      "TargetAccountNumber": 14701241,
      "Description": "Transfer from checking to savings account-(TRANSFER)"
    },
    {
      "$id": "9",
      "TransactionId": "e24d4a62-515b-47cf-a07a-b72d34e00ad8",
      "TransactionType": "Transfer",
      "TransactionDate": "2023-10-14",
      "TransactionTime": "21:00:00",
      "PriorBalance": 16100,
      "TransactionAmount": 1211,
      "SourceAccountNumber": 14701241,
      "TargetAccountNumber": 14701241,
      "Description": "free overdraft protection-(TRANSFER)-(TRANSFER)"
    },
    {
      "$id": "10",
      "TransactionId": "eb40c00e-da69-46ae-8843-aded32198bfb",
      "TransactionType": "Transfer",
      "TransactionDate": "2023-11-30",
      "TransactionTime": "12:00:00",
      "PriorBalance": 14889,
      "TransactionAmount": 800,
      "SourceAccountNumber": 14701241,
      "TargetAccountNumber": 14701241,
      "Description": "Transfer from checking to savings account-(TRANSFER)"
    },
    {
      "$id": "11",
      "TransactionId": "5b060762-8118-4789-87d3-f582d30df297",
      "TransactionType": "Transfer",
      "TransactionDate": "2023-12-11",
      "TransactionTime": "08:00:00",
      "PriorBalance": 15689,
      "TransactionAmount": 1400,
      "SourceAccountNumber": 14701241,
      "TargetAccountNumber": 14701241,
      "Description": "free overdraft protection-(TRANSFER)-(TRANSFER)"
    },
    {
      "$id": "12",
      "TransactionId": "93e15f9f-4ca9-4ba8-9482-97fc75c3b915",
      "TransactionType": "Transfer",
      "TransactionDate": "2024-02-29",
      "TransactionTime": "12:00:00",
      "PriorBalance": 14289,
      "TransactionAmount": 900,
      "SourceAccountNumber": 14701241,
      "TargetAccountNumber": 14701241,
      "Description": "Transfer from checking to savings account-(TRANSFER)"
    },
    {
      "$id": "13",
      "TransactionId": "3bf3fd39-6474-4e62-9c87-6902f2bc4e5c",
      "TransactionType": "Transfer",
      "TransactionDate": "2024-04-06",
      "TransactionTime": "21:00:00",
      "PriorBalance": 15189,
      "TransactionAmount": 1200,
      "SourceAccountNumber": 14701241,
      "TargetAccountNumber": 14701241,
      "Description": "free overdraft protection-(TRANSFER)-(TRANSFER)"
    },
    {
      "$id": "14",
      "TransactionId": "1597b7b8-34e3-42bd-bbe8-608847954614",
      "TransactionType": "Transfer",
      "TransactionDate": "2024-06-10",
      "TransactionTime": "08:00:00",
      "PriorBalance": 13989,
      "TransactionAmount": 1400,
      "SourceAccountNumber": 14701241,
      "TargetAccountNumber": 14701241,
      "Description": "free overdraft protection-(TRANSFER)-(TRANSFER)"
    },
    {
      "$id": "15",
      "TransactionId": "cced4769-8e09-4c84-8083-4f6e60d7a6a1",
      "TransactionType": "Transfer",
      "TransactionDate": "2024-07-15",
      "TransactionTime": "08:00:00",
      "PriorBalance": 12589,
      "TransactionAmount": 1400,
      "SourceAccountNumber": 14701241,
      "TargetAccountNumber": 14701241,
      "Description": "free overdraft protection-(TRANSFER)-(TRANSFER)"
    },
    {
      "$id": "16",
      "TransactionId": "d0c0325f-a50a-43b6-8bb9-fd17b51b5575",
      "TransactionType": "Transfer",
      "TransactionDate": "2024-08-31",
      "TransactionTime": "12:00:00",
      "PriorBalance": 11189,
      "TransactionAmount": 900,
      "SourceAccountNumber": 14701241,
      "TargetAccountNumber": 14701241,
      "Description": "Transfer from checking to savings account-(TRANSFER)"
    },
    {
      "$id": "17",
      "TransactionId": "6b0c5734-9e8b-4e3f-8bd7-5e828952fd25",
      "TransactionType": "Transfer",
      "TransactionDate": "2024-09-30",
      "TransactionTime": "12:00:00",
      "PriorBalance": 12089,
      "TransactionAmount": 800,
      "SourceAccountNumber": 14701241,
      "TargetAccountNumber": 14701241,
      "Description": "Transfer from checking to savings account-(TRANSFER)"
    },
    {
      "$id": "18",
      "TransactionId": "914caf5c-2861-48a8-892d-8201f7c615e8",
      "TransactionType": "Transfer",
      "TransactionDate": "2024-10-14",
      "TransactionTime": "08:00:00",
      "PriorBalance": 12889,
      "TransactionAmount": 1400,
      "SourceAccountNumber": 14701241,
      "TargetAccountNumber": 14701241,
      "Description": "free overdraft protection-(TRANSFER)-(TRANSFER)"
    },
    {
      "$id": "19",
      "TransactionId": "62bb722d-aeff-4589-86e8-7d821ccc72f7",
      "TransactionType": "Transfer",
      "TransactionDate": "2024-12-16",
      "TransactionTime": "08:00:00",
      "PriorBalance": 11489,
      "TransactionAmount": 1400,
      "SourceAccountNumber": 14701241,
      "TargetAccountNumber": 14701241,
      "Description": "free overdraft protection-(TRANSFER)-(TRANSFER)"
    },
    {
      "$id": "20",
      "TransactionId": "526f6ce9-5842-40ad-84db-4734ca341feb",
      "TransactionType": "Transfer",
      "TransactionDate": "2025-01-31",
      "TransactionTime": "12:00:00",
      "PriorBalance": 10089,
      "TransactionAmount": 900,
      "SourceAccountNumber": 14701241,
      "TargetAccountNumber": 14701241,
      "Description": "Transfer from checking to savings account-(TRANSFER)"
    }
  ]
}