{
  "$id": "1",
  "$values": [
    {
      "$id": "2",
      "TransactionId": "4e8e1601-62da-44a2-9073-ac0f88e666aa",
      "TransactionType": "Transfer",
      "TransactionDate": "2023-02-28",
      "TransactionTime": "12:00:00",
      "PriorBalance": 15000,
      "TransactionAmount": 800,
      "SourceAccountNumber": 14701277,
      "TargetAccountNumber": 14701277,
      "Description": "Transfer from checking to savings account-(TRANSFER)"
    },
    {
      "$id": "3",
      "TransactionId": "8b3b12b1-9ab1-4b16-bc94-a2a143dd3df8",
      "TransactionType": "Transfer",
      "TransactionDate": "2023-03-31",
      "TransactionTime": "12:00:00",
      "PriorBalance": 15800,
      "TransactionAmount": 800,
      "SourceAccountNumber": 14701277,
      "TargetAccountNumber": 14701277,
      "Description": "Transfer from checking to savings account-(TRANSFER)"
    },
    {
      "$id": "4",
      "TransactionId": "bb205c75-5650-4082-8775-c23f9bfd0f76",
      "TransactionType": "Transfer",
      "TransactionDate": "2023-04-30",
      "TransactionTime": "12:00:00",
      "PriorBalance": 16600,
      "TransactionAmount": 900,
      "SourceAccountNumber": 14701277,
      "TargetAccountNumber": 14701277,
      "Description": "Transfer from checking to savings account-(TRANSFER)"
    },
    {
      "$id": "5",
      "TransactionId": "38704daf-df23-4589-a56e-47321cd99ee9",
      "TransactionType": "Transfer",
      "TransactionDate": "2023-05-15",
      "TransactionTime": "08:00:00",
      "PriorBalance": 17500,
      "TransactionAmount": 1400,
      "SourceAccountNumber": 14701277,
      "TargetAccountNumber": 14701277,
      "Description": "free overdraft protection-(TRANSFER)-(TRANSFER)"
    },
    {
      "$id": "6",
      "TransactionId": "c5ee1512-0388-4ec8-be6c-26e8617e3e84",
      "TransactionType": "Transfer",
      "TransactionDate": "2023-06-30",
      "TransactionTime": "12:00:00",
      "PriorBalance": 16100,
      "TransactionAmount": 900,
      "SourceAccountNumber": 14701277,
      "TargetAccountNumber": 14701277,
      "Description": "Transfer from checking to savings account-(TRANSFER)"
    },
    {
      "$id": "7",
      "TransactionId": "dc6880fa-c0ef-49ae-be3a-5e24367624f8",
      "TransactionType": "Transfer",
      "TransactionDate": "2023-08-12",
      "TransactionTime": "21:00:00",
      "PriorBalance": 17000,
      "TransactionAmount": 1194,
      "SourceAccountNumber": 14701277,
      "TargetAccountNumber": 14701277,
      "Description": "free overdraft protection-(TRANSFER)-(TRANSFER)"
    },
    {
      "$id": "8",
      "TransactionId": "0ef706cf-4ab7-4ee8-8455-e9bad29b6eb6",
      "TransactionType": "Transfer",
      "TransactionDate": "2023-11-11",
      "TransactionTime": "21:00:00",
      "PriorBalance": 15806,
      "TransactionAmount": 1202,
      "SourceAccountNumber": 14701277,
      "TargetAccountNumber": 14701277,
      "Description": "free overdraft protection-(TRANSFER)-(TRANSFER)"
    },
    {
      "$id": "9",
      "TransactionId": "bab14a3e-50c9-4ad4-9da8-996ea1483771",
      "TransactionType": "Transfer",
      "TransactionDate": "2023-12-31",
      "TransactionTime": "12:00:00",
      "PriorBalance": 14604,
      "TransactionAmount": 700,
      "SourceAccountNumber": 14701277,
      "TargetAccountNumber": 14701277,
      "Description": "Transfer from checking to savings account-(TRANSFER)"
    },
    {
      "$id": "10",
      "TransactionId": "4831b609-0a20-4dd6-b9cc-93ef167039dc",
      "TransactionType": "Transfer",
      "TransactionDate": "2024-01-06",
      "TransactionTime": "21:00:00",
      "PriorBalance": 15304,
      "TransactionAmount": 1164,
      "SourceAccountNumber": 14701277,
      "TargetAccountNumber": 14701277,
      "Description": "free overdraft protection-(TRANSFER)-(TRANSFER)"
    },
    {
      "$id": "11",
      "TransactionId": "4912748c-ad0f-4e87-aaaa-3a55bf228a25",
      "TransactionType": "Transfer",
      "TransactionDate": "2024-04-08",
      "TransactionTime": "08:00:00",
      "PriorBalance": 14140,
      "TransactionAmount": 1400,
      "SourceAccountNumber": 14701277,
      "TargetAccountNumber": 14701277,
      "Description": "free overdraft protection-(TRANSFER)-(TRANSFER)"
    },
    {
      "$id": "12",
      "TransactionId": "8f938e99-8797-4dca-ac98-8d5ff64fd9a0",
      "TransactionType": "Transfer",
      "TransactionDate": "2024-05-31",
      "TransactionTime": "12:00:00",
      "PriorBalance": 12740,
      "TransactionAmount": 900,
      "SourceAccountNumber": 14701277,
      "TargetAccountNumber": 14701277,
      "Description": "Transfer from checking to savings account-(TRANSFER)"
    },
    {
      "$id": "13",
      "TransactionId": "245fb6e8-c8c7-4645-a8ef-04470dab0e25",
      "TransactionType": "Transfer",
      "TransactionDate": "2024-06-10",
      "TransactionTime": "08:00:00",
      "PriorBalance": 13640,
      "TransactionAmount": 1400,
      "SourceAccountNumber": 14701277,
      "TargetAccountNumber": 14701277,
      "Description": "free overdraft protection-(TRANSFER)-(TRANSFER)"
    },
    {
      "$id": "14",
      "TransactionId": "6276b627-ec5d-4035-85ee-7311f0940dfb",
      "TransactionType": "Transfer",
      "TransactionDate": "2024-07-31",
      "TransactionTime": "12:00:00",
      "PriorBalance": 12240,
      "TransactionAmount": 700,
      "SourceAccountNumber": 14701277,
      "TargetAccountNumber": 14701277,
      "Description": "Transfer from checking to savings account-(TRANSFER)"
    },
    {
      "$id": "15",
      "TransactionId": "f4450870-9828-464e-81f5-35d73eba1621",
      "TransactionType": "Transfer",
      "TransactionDate": "2024-11-30",
      "TransactionTime": "12:00:00",
      "PriorBalance": 12940,
      "TransactionAmount": 900,
      "SourceAccountNumber": 14701277,
      "TargetAccountNumber": 14701277,
      "Description": "Transfer from checking to savings account-(TRANSFER)"
    },
    {
      "$id": "16",
      "TransactionId": "5ac8b9b5-88d5-470f-a45d-7983644773eb",
      "TransactionType": "Transfer",
      "TransactionDate": "2025-02-03",
      "TransactionTime": "08:00:00",
      "PriorBalance": 13840,
      "TransactionAmount": 1400,
      "SourceAccountNumber": 14701277,
      "TargetAccountNumber": 14701277,
      "Description": "free overdraft protection-(TRANSFER)-(TRANSFER)"
    }
  ]
}