{
  "$id": "1",
  "$values": [
    {
      "$id": "2",
      "TransactionId": "ebeccbf3-0ca4-4256-8c13-a17146b74055",
      "TransactionType": "Transfer",
      "TransactionDate": "2023-02-28",
      "TransactionTime": "12:00:00",
      "PriorBalance": 15000,
      "TransactionAmount": 700,
      "SourceAccountNumber": 14701181,
      "TargetAccountNumber": 14701181,
      "Description": "Transfer from checking to savings account-(TRANSFER)"
    },
    {
      "$id": "3",
      "TransactionId": "3661dc60-d960-44a7-b356-64f10cd6048f",
      "TransactionType": "Transfer",
      "TransactionDate": "2023-03-31",
      "TransactionTime": "12:00:00",
      "PriorBalance": 15700,
      "TransactionAmount": 800,
      "SourceAccountNumber": 14701181,
      "TargetAccountNumber": 14701181,
      "Description": "Transfer from checking to savings account-(TRANSFER)"
    },
    {
      "$id": "4",
      "TransactionId": "fd69d748-88dd-4d87-b564-37a881742d42",
      "TransactionType": "Transfer",
      "TransactionDate": "2023-04-30",
      "TransactionTime": "12:00:00",
      "PriorBalance": 16500,
      "TransactionAmount": 900,
      "SourceAccountNumber": 14701181,
      "TargetAccountNumber": 14701181,
      "Description": "Transfer from checking to savings account-(TRANSFER)"
    },
    {
      "$id": "5",
      "TransactionId": "d26d6d34-fc0e-4e43-ade5-7b1513bbe9d7",
      "TransactionType": "Transfer",
      "TransactionDate": "2023-06-12",
      "TransactionTime": "08:00:00",
      "PriorBalance": 17400,
      "TransactionAmount": 1400,
      "SourceAccountNumber": 14701181,
      "TargetAccountNumber": 14701181,
      "Description": "free overdraft protection-(TRANSFER)-(TRANSFER)"
    },
    {
      "$id": "6",
      "TransactionId": "86d4242c-f708-41e7-842d-7792f9331a52",
      "TransactionType": "Transfer",
      "TransactionDate": "2023-09-11",
      "TransactionTime": "08:00:00",
      "PriorBalance": 16000,
      "TransactionAmount": 1400,
      "SourceAccountNumber": 14701181,
      "TargetAccountNumber": 14701181,
      "Description": "free overdraft protection-(TRANSFER)-(TRANSFER)"
    },
    {
      "$id": "7",
      "TransactionId": "32518aea-44de-4af3-a34d-ec22580f81c6",
      "TransactionType": "Transfer",
      "TransactionDate": "2023-10-31",
      "TransactionTime": "12:00:00",
      "PriorBalance": 14600,
      "TransactionAmount": 900,
      "SourceAccountNumber": 14701181,
      "TargetAccountNumber": 14701181,
      "Description": "Transfer from checking to savings account-(TRANSFER)"
    },
    {
      "$id": "8",
      "TransactionId": "21bd9231-c35a-4dbb-9a15-d695bcc09d6b",
      "TransactionType": "Transfer",
      "TransactionDate": "2024-01-06",
      "TransactionTime": "21:00:00",
      "PriorBalance": 15500,
      "TransactionAmount": 1212,
      "SourceAccountNumber": 14701181,
      "TargetAccountNumber": 14701181,
      "Description": "free overdraft protection-(TRANSFER)-(TRANSFER)"
    },
    {
      "$id": "9",
      "TransactionId": "a75a6eae-f51d-491b-91bd-f7e4c42aaf9b",
      "TransactionType": "Transfer",
      "TransactionDate": "2024-03-31",
      "TransactionTime": "12:00:00",
      "PriorBalance": 14288,
      "TransactionAmount": 800,
      "SourceAccountNumber": 14701181,
      "TargetAccountNumber": 14701181,
      "Description": "Transfer from checking to savings account-(TRANSFER)"
    },
    {
      "$id": "10",
      "TransactionId": "c7af322d-608b-4607-8d49-8f3fe70955ee",
      "TransactionType": "Transfer",
      "TransactionDate": "2024-04-13",
      "TransactionTime": "21:00:00",
      "PriorBalance": 15088,
      "TransactionAmount": 1158,
      "SourceAccountNumber": 14701181,
      "TargetAccountNumber": 14701181,
      "Description": "free overdraft protection-(TRANSFER)-(TRANSFER)"
    },
    {
      "$id": "11",
      "TransactionId": "24415004-0b80-4eb3-85c9-d66b47455f5d",
      "TransactionType": "Transfer",
      "TransactionDate": "2024-05-31",
      "TransactionTime": "12:00:00",
      "PriorBalance": 13930,
      "TransactionAmount": 900,
      "SourceAccountNumber": 14701181,
      "TargetAccountNumber": 14701181,
      "Description": "Transfer from checking to savings account-(TRANSFER)"
    },
    {
      "$id": "12",
      "TransactionId": "5de1ec99-5dd3-44b6-a0dc-ab9681ab51fd",
      "TransactionType": "Transfer",
      "TransactionDate": "2024-06-30",
      "TransactionTime": "12:00:00",
      "PriorBalance": 14830,
      "TransactionAmount": 900,
      "SourceAccountNumber": 14701181,
      "TargetAccountNumber": 14701181,
      "Description": "Transfer from checking to savings account-(TRANSFER)"
    },
    {
      "$id": "13",
      "TransactionId": "03efa912-e2bd-4cb6-9211-56f5edb14973",
      "TransactionType": "Transfer",
      "TransactionDate": "2024-07-15",
      "TransactionTime": "08:00:00",
      "PriorBalance": 15730,
      "TransactionAmount": 1400,
      "SourceAccountNumber": 14701181,
      "TargetAccountNumber": 14701181,
      "Description": "free overdraft protection-(TRANSFER)-(TRANSFER)"
    },
    {
      "$id": "14",
      "TransactionId": "ec278d8b-636a-4ebc-9e37-fe120ab2737e",
      "TransactionType": "Transfer",
      "TransactionDate": "2024-08-31",
      "TransactionTime": "12:00:00",
      "PriorBalance": 14330,
      "TransactionAmount": 800,
      "SourceAccountNumber": 14701181,
      "TargetAccountNumber": 14701181,
      "Description": "Transfer from checking to savings account-(TRANSFER)"
    },
    {
      "$id": "15",
      "TransactionId": "3207cc68-d343-4845-8871-c4ea3bfa8f5a",
      "TransactionType": "Transfer",
      "TransactionDate": "2024-10-14",
      "TransactionTime": "08:00:00",
      "PriorBalance": 15130,
      "TransactionAmount": 1400,
      "SourceAccountNumber": 14701181,
      "TargetAccountNumber": 14701181,
      "Description": "free overdraft protection-(TRANSFER)-(TRANSFER)"
    },
    {
      "$id": "16",
      "TransactionId": "e31cd0ff-0ebe-4461-b1f5-aa59dd0b5552",
      "TransactionType": "Transfer",
      "TransactionDate": "2024-11-30",
      "TransactionTime": "12:00:00",
      "PriorBalance": 13730,
      "TransactionAmount": 700,
      "SourceAccountNumber": 14701181,
      "TargetAccountNumber": 14701181,
      "Description": "Transfer from checking to savings account-(TRANSFER)"
    },
    {
      "$id": "17",
      "TransactionId": "344203cb-ca16-487d-ae0d-d97e9cf0ed26",
      "TransactionType": "Transfer",
      "TransactionDate": "2024-12-09",
      "TransactionTime": "08:00:00",
      "PriorBalance": 14430,
      "TransactionAmount": 1400,
      "SourceAccountNumber": 14701181,
      "TargetAccountNumber": 14701181,
      "Description": "free overdraft protection-(TRANSFER)-(TRANSFER)"
    },
    {
      "$id": "18",
      "TransactionId": "db44936e-363b-4c8f-bf50-2513886aa9da",
      "TransactionType": "Transfer",
      "TransactionDate": "2025-02-10",
      "TransactionTime": "08:00:00",
      "PriorBalance": 13030,
      "TransactionAmount": 1400,
      "SourceAccountNumber": 14701181,
      "TargetAccountNumber": 14701181,
      "Description": "free overdraft protection-(TRANSFER)-(TRANSFER)"
    }
  ]
}