{
  "$id": "1",
  "$values": [
    {
      "$id": "2",
      "TransactionId": "7d645943-8a40-4aae-a929-e47b4ff92259",
      "TransactionType": "Transfer",
      "TransactionDate": "2023-02-28",
      "TransactionTime": "12:00:00",
      "PriorBalance": 15000,
      "TransactionAmount": 800,
      "SourceAccountNumber": 14701274,
      "TargetAccountNumber": 14701274,
      "Description": "Transfer from checking to savings account-(TRANSFER)"
    },
    {
      "$id": "3",
      "TransactionId": "3473c264-fe99-47a6-a0f8-9bada7e702d7",
      "TransactionType": "Transfer",
      "TransactionDate": "2023-03-31",
      "TransactionTime": "12:00:00",
      "PriorBalance": 15800,
      "TransactionAmount": 900,
      "SourceAccountNumber": 14701274,
      "TargetAccountNumber": 14701274,
      "Description": "Transfer from checking to savings account-(TRANSFER)"
    },
    {
      "$id": "4",
      "TransactionId": "894053c4-f578-4b9e-8fae-34819b258ffc",
      "TransactionType": "Transfer",
      "TransactionDate": "2023-04-30",
      "TransactionTime": "12:00:00",
      "PriorBalance": 16700,
      "TransactionAmount": 800,
      "SourceAccountNumber": 14701274,
      "TargetAccountNumber": 14701274,
      "Description": "Transfer from checking to savings account-(TRANSFER)"
    },
    {
      "$id": "5",
      "TransactionId": "46d25c98-ed66-479a-82d6-3010859b58df",
      "TransactionType": "Transfer",
      "TransactionDate": "2023-05-15",
      "TransactionTime": "08:00:00",
      "PriorBalance": 17500,
      "TransactionAmount": 1400,
      "SourceAccountNumber": 14701274,
      "TargetAccountNumber": 14701274,
      "Description": "free overdraft protection-(TRANSFER)-(TRANSFER)"
    },
    {
      "$id": "6",
      "TransactionId": "449d9955-c1ee-42de-bf84-295d08fc3e52",
      "TransactionType": "Transfer",
      "TransactionDate": "2023-08-31",
      "TransactionTime": "12:00:00",
      "PriorBalance": 16100,
      "TransactionAmount": 800,
      "SourceAccountNumber": 14701274,
      "TargetAccountNumber": 14701274,
      "Description": "Transfer from checking to savings account-(TRANSFER)"
    },
    {
      "$id": "7",
      "TransactionId": "e2714793-83cf-4051-aaae-03cc6f1d3365",
      "TransactionType": "Transfer",
      "TransactionDate": "2023-10-09",
      "TransactionTime": "08:00:00",
      "PriorBalance": 16900,
      "TransactionAmount": 1400,
      "SourceAccountNumber": 14701274,
      "TargetAccountNumber": 14701274,
      "Description": "free overdraft protection-(TRANSFER)-(TRANSFER)"
    },
    {
      "$id": "8",
      "TransactionId": "d193e8ef-5949-44f7-9efb-c06a03487479",
      "TransactionType": "Transfer",
      "TransactionDate": "2024-01-01",
      "TransactionTime": "12:00:00",
      "PriorBalance": 15500,
      "TransactionAmount": 4043.8,
      "SourceAccountNumber": 14701274,
      "TargetAccountNumber": 14701274,
      "Description": "free overdraft protection-(TRANSFER)-(TRANSFER)"
    },
    {
      "$id": "9",
      "TransactionId": "8d94792b-073f-457c-bcba-b25d198dccf8",
      "TransactionType": "Transfer",
      "TransactionDate": "2024-02-29",
      "TransactionTime": "12:00:00",
      "PriorBalance": 11456.2,
      "TransactionAmount": 700,
      "SourceAccountNumber": 14701274,
      "TargetAccountNumber": 14701274,
      "Description": "Transfer from checking to savings account-(TRANSFER)"
    },
    {
      "$id": "10",
      "TransactionId": "6946db04-8f26-4328-b083-50a41c979dc8",
      "TransactionType": "Transfer",
      "TransactionDate": "2024-03-31",
      "TransactionTime": "12:00:00",
      "PriorBalance": 12156.2,
      "TransactionAmount": 800,
      "SourceAccountNumber": 14701274,
      "TargetAccountNumber": 14701274,
      "Description": "Transfer from checking to savings account-(TRANSFER)"
    },
    {
      "$id": "11",
      "TransactionId": "0a8b79d5-a88b-48f9-835c-b137985aa662",
      "TransactionType": "Transfer",
      "TransactionDate": "2024-04-15",
      "TransactionTime": "08:00:00",
      "PriorBalance": 12956.2,
      "TransactionAmount": 1400,
      "SourceAccountNumber": 14701274,
      "TargetAccountNumber": 14701274,
      "Description": "free overdraft protection-(TRANSFER)-(TRANSFER)"
    },
    {
      "$id": "12",
      "TransactionId": "05adfc68-2335-435e-ae12-a9e6e9107c27",
      "TransactionType": "Transfer",
      "TransactionDate": "2024-05-31",
      "TransactionTime": "12:00:00",
      "PriorBalance": 11556.2,
      "TransactionAmount": 800,
      "SourceAccountNumber": 14701274,
      "TargetAccountNumber": 14701274,
      "Description": "Transfer from checking to savings account-(TRANSFER)"
    },
    {
      "$id": "13",
      "TransactionId": "ee797e7f-6598-49b8-a9c6-75719b47f55d",
      "TransactionType": "Transfer",
      "TransactionDate": "2025-01-13",
      "TransactionTime": "08:00:00",
      "PriorBalance": 12356.2,
      "TransactionAmount": 1400,
      "SourceAccountNumber": 14701274,
      "TargetAccountNumber": 14701274,
      "Description": "free overdraft protection-(TRANSFER)-(TRANSFER)"
    },
    {
      "$id": "14",
      "TransactionId": "532fedfa-16e5-493f-a72c-6c244b122681",
      "TransactionType": "Transfer",
      "TransactionDate": "2025-02-28",
      "TransactionTime": "12:00:00",
      "PriorBalance": 10956.2,
      "TransactionAmount": 700,
      "SourceAccountNumber": 14701274,
      "TargetAccountNumber": 14701274,
      "Description": "Transfer from checking to savings account-(TRANSFER)"
    }
  ]
}