{
  "$id": "1",
  "$values": [
    {
      "$id": "2",
      "TransactionId": "6895e3aa-5459-4a3d-ba3d-453cd1cc62d9",
      "TransactionType": "Transfer",
      "TransactionDate": "2023-02-28",
      "TransactionTime": "12:00:00",
      "PriorBalance": 15000,
      "TransactionAmount": 900,
      "SourceAccountNumber": 14701169,
      "TargetAccountNumber": 14701169,
      "Description": "Transfer from checking to savings account-(TRANSFER)"
    },
    {
      "$id": "3",
      "TransactionId": "f5334b37-ca16-4db9-9f69-1df93d908907",
      "TransactionType": "Transfer",
      "TransactionDate": "2023-03-31",
      "TransactionTime": "12:00:00",
      "PriorBalance": 15900,
      "TransactionAmount": 900,
      "SourceAccountNumber": 14701169,
      "TargetAccountNumber": 14701169,
      "Description": "Transfer from checking to savings account-(TRANSFER)"
    },
    {
      "$id": "4",
      "TransactionId": "aa0a6a96-118b-4410-a4d9-7b8fec9858a3",
      "TransactionType": "Transfer",
      "TransactionDate": "2023-04-30",
      "TransactionTime": "12:00:00",
      "PriorBalance": 16800,
      "TransactionAmount": 700,
      "SourceAccountNumber": 14701169,
      "TargetAccountNumber": 14701169,
      "Description": "Transfer from checking to savings account-(TRANSFER)"
    },
    {
      "$id": "5",
      "TransactionId": "5680cfea-e5b4-45c8-a92a-db8f2dbdc542",
      "TransactionType": "Transfer",
      "TransactionDate": "2023-05-15",
      "TransactionTime": "08:00:00",
      "PriorBalance": 17500,
      "TransactionAmount": 1400,
      "SourceAccountNumber": 14701169,
      "TargetAccountNumber": 14701169,
      "Description": "free overdraft protection-(TRANSFER)-(TRANSFER)"
    },
    {
      "$id": "6",
      "TransactionId": "75de648a-ce9a-4f46-a7f1-19f68ae0c82e",
      "TransactionType": "Transfer",
      "TransactionDate": "2023-06-30",
      "TransactionTime": "12:00:00",
      "PriorBalance": 16100,
      "TransactionAmount": 800,
      "SourceAccountNumber": 14701169,
      "TargetAccountNumber": 14701169,
      "Description": "Transfer from checking to savings account-(TRANSFER)"
    },
    {
      "$id": "7",
      "TransactionId": "4f49f74e-7f1d-4fd4-8f30-915897528a08",
      "TransactionType": "Transfer",
      "TransactionDate": "2023-07-10",
      "TransactionTime": "12:00:00",
      "PriorBalance": 16900,
      "TransactionAmount": 1050,
      "SourceAccountNumber": 14701169,
      "TargetAccountNumber": 14701169,
      "Description": "free overdraft protection-(TRANSFER)-(TRANSFER)"
    },
    {
      "$id": "8",
      "TransactionId": "27da514f-3070-41af-a8f9-c381a6045da1",
      "TransactionType": "Transfer",
      "TransactionDate": "2023-10-09",
      "TransactionTime": "08:00:00",
      "PriorBalance": 15850,
      "TransactionAmount": 1400,
      "SourceAccountNumber": 14701169,
      "TargetAccountNumber": 14701169,
      "Description": "free overdraft protection-(TRANSFER)-(TRANSFER)"
    },
    {
      "$id": "9",
      "TransactionId": "837fa5ad-af14-4e8b-afb8-69312501205a",
      "TransactionType": "Transfer",
      "TransactionDate": "2023-11-30",
      "TransactionTime": "12:00:00",
      "PriorBalance": 14450,
      "TransactionAmount": 900,
      "SourceAccountNumber": 14701169,
      "TargetAccountNumber": 14701169,
      "Description": "Transfer from checking to savings account-(TRANSFER)"
    },
    {
      "$id": "10",
      "TransactionId": "6e9bee04-885e-4a2e-9d4f-741cc2abaa1f",
      "TransactionType": "Transfer",
      "TransactionDate": "2024-02-12",
      "TransactionTime": "08:00:00",
      "PriorBalance": 15350,
      "TransactionAmount": 1400,
      "SourceAccountNumber": 14701169,
      "TargetAccountNumber": 14701169,
      "Description": "free overdraft protection-(TRANSFER)-(TRANSFER)"
    },
    {
      "$id": "11",
      "TransactionId": "8b4d0631-daca-42d3-a154-811a28132621",
      "TransactionType": "Transfer",
      "TransactionDate": "2024-03-31",
      "TransactionTime": "12:00:00",
      "PriorBalance": 13950,
      "TransactionAmount": 800,
      "SourceAccountNumber": 14701169,
      "TargetAccountNumber": 14701169,
      "Description": "Transfer from checking to savings account-(TRANSFER)"
    },
    {
      "$id": "12",
      "TransactionId": "19e33fc5-8413-4492-a1ae-23a3cd852cb1",
      "TransactionType": "Transfer",
      "TransactionDate": "2024-04-15",
      "TransactionTime": "08:00:00",
      "PriorBalance": 14750,
      "TransactionAmount": 1400,
      "SourceAccountNumber": 14701169,
      "TargetAccountNumber": 14701169,
      "Description": "free overdraft protection-(TRANSFER)-(TRANSFER)"
    },
    {
      "$id": "13",
      "TransactionId": "d7fc6e26-6ed7-440a-bbb0-b3581b3cef94",
      "TransactionType": "Transfer",
      "TransactionDate": "2024-05-31",
      "TransactionTime": "12:00:00",
      "PriorBalance": 13350,
      "TransactionAmount": 900,
      "SourceAccountNumber": 14701169,
      "TargetAccountNumber": 14701169,
      "Description": "Transfer from checking to savings account-(TRANSFER)"
    },
    {
      "$id": "14",
      "TransactionId": "7f7621d9-dbab-4403-9b0b-3750b7480886",
      "TransactionType": "Transfer",
      "TransactionDate": "2024-07-31",
      "TransactionTime": "12:00:00",
      "PriorBalance": 14250,
      "TransactionAmount": 900,
      "SourceAccountNumber": 14701169,
      "TargetAccountNumber": 14701169,
      "Description": "Transfer from checking to savings account-(TRANSFER)"
    },
    {
      "$id": "15",
      "TransactionId": "33825b64-010d-4026-964c-09a3f29784f3",
      "TransactionType": "Transfer",
      "TransactionDate": "2024-09-09",
      "TransactionTime": "08:00:00",
      "PriorBalance": 15150,
      "TransactionAmount": 1400,
      "SourceAccountNumber": 14701169,
      "TargetAccountNumber": 14701169,
      "Description": "free overdraft protection-(TRANSFER)-(TRANSFER)"
    },
    {
      "$id": "16",
      "TransactionId": "89e87be4-6cd0-4a5c-9701-68a1a1ba27be",
      "TransactionType": "Transfer",
      "TransactionDate": "2024-10-31",
      "TransactionTime": "12:00:00",
      "PriorBalance": 13750,
      "TransactionAmount": 900,
      "SourceAccountNumber": 14701169,
      "TargetAccountNumber": 14701169,
      "Description": "Transfer from checking to savings account-(TRANSFER)"
    }
  ]
}