{
  "$id": "1",
  "$values": [
    {
      "$id": "2",
      "TransactionId": "2d9ce5e1-52ca-4684-a51d-ed6046d104a7",
      "TransactionType": "Transfer",
      "TransactionDate": "2023-02-28",
      "TransactionTime": "12:00:00",
      "PriorBalance": 15000,
      "TransactionAmount": 900,
      "SourceAccountNumber": 14701229,
      "TargetAccountNumber": 14701229,
      "Description": "Transfer from checking to savings account-(TRANSFER)"
    },
    {
      "$id": "3",
      "TransactionId": "7403e128-ee88-4270-a33d-0be4327cf308",
      "TransactionType": "Transfer",
      "TransactionDate": "2023-03-31",
      "TransactionTime": "12:00:00",
      "PriorBalance": 15900,
      "TransactionAmount": 900,
      "SourceAccountNumber": 14701229,
      "TargetAccountNumber": 14701229,
      "Description": "Transfer from checking to savings account-(TRANSFER)"
    },
    {
      "$id": "4",
      "TransactionId": "17993294-8cfc-4b94-89f8-23d1b0e860d6",
      "TransactionType": "Transfer",
      "TransactionDate": "2023-04-30",
      "TransactionTime": "12:00:00",
      "PriorBalance": 16800,
      "TransactionAmount": 800,
      "SourceAccountNumber": 14701229,
      "TargetAccountNumber": 14701229,
      "Description": "Transfer from checking to savings account-(TRANSFER)"
    },
    {
      "$id": "5",
      "TransactionId": "69be9ecf-f1aa-4d22-9ece-0ff030da50e9",
      "TransactionType": "Transfer",
      "TransactionDate": "2023-06-10",
      "TransactionTime": "21:00:00",
      "PriorBalance": 17600,
      "TransactionAmount": 1215,
      "SourceAccountNumber": 14701229,
      "TargetAccountNumber": 14701229,
      "Description": "free overdraft protection-(TRANSFER)-(TRANSFER)"
    },
    {
      "$id": "6",
      "TransactionId": "6c46be2c-564b-4c22-bc22-0711872f7f40",
      "TransactionType": "Transfer",
      "TransactionDate": "2023-07-31",
      "TransactionTime": "12:00:00",
      "PriorBalance": 16385,
      "TransactionAmount": 900,
      "SourceAccountNumber": 14701229,
      "TargetAccountNumber": 14701229,
      "Description": "Transfer from checking to savings account-(TRANSFER)"
    },
    {
      "$id": "7",
      "TransactionId": "27ffe661-f163-4d87-8e71-a351ffdb3125",
      "TransactionType": "Transfer",
      "TransactionDate": "2023-09-11",
      "TransactionTime": "08:00:00",
      "PriorBalance": 17285,
      "TransactionAmount": 1400,
      "SourceAccountNumber": 14701229,
      "TargetAccountNumber": 14701229,
      "Description": "free overdraft protection-(TRANSFER)-(TRANSFER)"
    },
    {
      "$id": "8",
      "TransactionId": "3ba3b887-8786-4056-b729-f5aa3d15061d",
      "TransactionType": "Transfer",
      "TransactionDate": "2023-10-31",
      "TransactionTime": "12:00:00",
      "PriorBalance": 15885,
      "TransactionAmount": 800,
      "SourceAccountNumber": 14701229,
      "TargetAccountNumber": 14701229,
      "Description": "Transfer from checking to savings account-(TRANSFER)"
    },
    {
      "$id": "9",
      "TransactionId": "1dd7cb75-fe5e-4192-b9f8-b3c2b0540709",
      "TransactionType": "Transfer",
      "TransactionDate": "2024-06-10",
      "TransactionTime": "12:00:00",
      "PriorBalance": 16685,
      "TransactionAmount": 1050,
      "SourceAccountNumber": 14701229,
      "TargetAccountNumber": 14701229,
      "Description": "free overdraft protection-(TRANSFER)-(TRANSFER)"
    },
    {
      "$id": "10",
      "TransactionId": "e39e4a8f-2beb-47f1-b2d1-88dff8fe819a",
      "TransactionType": "Transfer",
      "TransactionDate": "2024-08-12",
      "TransactionTime": "08:00:00",
      "PriorBalance": 15635,
      "TransactionAmount": 1400,
      "SourceAccountNumber": 14701229,
      "TargetAccountNumber": 14701229,
      "Description": "free overdraft protection-(TRANSFER)-(TRANSFER)"
    },
    {
      "$id": "11",
      "TransactionId": "3c2c7dc7-8d54-430a-8d10-c251f19cd9cd",
      "TransactionType": "Transfer",
      "TransactionDate": "2024-09-30",
      "TransactionTime": "12:00:00",
      "PriorBalance": 14235,
      "TransactionAmount": 900,
      "SourceAccountNumber": 14701229,
      "TargetAccountNumber": 14701229,
      "Description": "Transfer from checking to savings account-(TRANSFER)"
    },
    {
      "$id": "12",
      "TransactionId": "dce89980-a48c-48bb-87a9-27a0a3da332b",
      "TransactionType": "Transfer",
      "TransactionDate": "2024-12-16",
      "TransactionTime": "08:00:00",
      "PriorBalance": 15135,
      "TransactionAmount": 1400,
      "SourceAccountNumber": 14701229,
      "TargetAccountNumber": 14701229,
      "Description": "free overdraft protection-(TRANSFER)-(TRANSFER)"
    },
    {
      "$id": "13",
      "TransactionId": "d8d3b2c7-15ed-4a36-ab8c-6af7a54d1e82",
      "TransactionType": "Transfer",
      "TransactionDate": "2025-01-31",
      "TransactionTime": "12:00:00",
      "PriorBalance": 13735,
      "TransactionAmount": 900,
      "SourceAccountNumber": 14701229,
      "TargetAccountNumber": 14701229,
      "Description": "Transfer from checking to savings account-(TRANSFER)"
    }
  ]
}