{
  "$id": "1",
  "$values": [
    {
      "$id": "2",
      "TransactionId": "269108be-90fa-4159-99e5-5d63eb9f8302",
      "TransactionType": "Transfer",
      "TransactionDate": "2023-02-28",
      "TransactionTime": "12:00:00",
      "PriorBalance": 15000,
      "TransactionAmount": 800,
      "SourceAccountNumber": 14701154,
      "TargetAccountNumber": 14701154,
      "Description": "Transfer from checking to savings account-(TRANSFER)"
    },
    {
      "$id": "3",
      "TransactionId": "546278d6-d27b-49dd-ac2c-328d4a44f001",
      "TransactionType": "Transfer",
      "TransactionDate": "2023-03-31",
      "TransactionTime": "12:00:00",
      "PriorBalance": 15800,
      "TransactionAmount": 900,
      "SourceAccountNumber": 14701154,
      "TargetAccountNumber": 14701154,
      "Description": "Transfer from checking to savings account-(TRANSFER)"
    },
    {
      "$id": "4",
      "TransactionId": "bba8c34a-6149-4d88-a9c9-3be312839a60",
      "TransactionType": "Transfer",
      "TransactionDate": "2023-04-30",
      "TransactionTime": "12:00:00",
      "PriorBalance": 16700,
      "TransactionAmount": 900,
      "SourceAccountNumber": 14701154,
      "TargetAccountNumber": 14701154,
      "Description": "Transfer from checking to savings account-(TRANSFER)"
    },
    {
      "$id": "5",
      "TransactionId": "4c8dfb57-2e08-447d-809a-541bcf4df5f8",
      "TransactionType": "Transfer",
      "TransactionDate": "2023-07-10",
      "TransactionTime": "08:00:00",
      "PriorBalance": 17600,
      "TransactionAmount": 1400,
      "SourceAccountNumber": 14701154,
      "TargetAccountNumber": 14701154,
      "Description": "free overdraft protection-(TRANSFER)-(TRANSFER)"
    },
    {
      "$id": "6",
      "TransactionId": "b4811e70-06c9-46a6-aafe-e654c6c362e1",
      "TransactionType": "Transfer",
      "TransactionDate": "2023-09-10",
      "TransactionTime": "12:00:00",
      "PriorBalance": 16200,
      "TransactionAmount": 1050,
      "SourceAccountNumber": 14701154,
      "TargetAccountNumber": 14701154,
      "Description": "free overdraft protection-(TRANSFER)-(TRANSFER)"
    },
    {
      "$id": "7",
      "TransactionId": "bfd74593-d9c4-40dd-ae8c-904f62013337",
      "TransactionType": "Transfer",
      "TransactionDate": "2023-12-11",
      "TransactionTime": "08:00:00",
      "PriorBalance": 15150,
      "TransactionAmount": 1400,
      "SourceAccountNumber": 14701154,
      "TargetAccountNumber": 14701154,
      "Description": "free overdraft protection-(TRANSFER)-(TRANSFER)"
    },
    {
      "$id": "8",
      "TransactionId": "bd20c859-f1ef-40a9-93f1-9db043872925",
      "TransactionType": "Transfer",
      "TransactionDate": "2024-02-12",
      "TransactionTime": "08:00:00",
      "PriorBalance": 13750,
      "TransactionAmount": 1400,
      "SourceAccountNumber": 14701154,
      "TargetAccountNumber": 14701154,
      "Description": "free overdraft protection-(TRANSFER)-(TRANSFER)"
    },
    {
      "$id": "9",
      "TransactionId": "2f30a2e5-63db-45e7-ad3f-3d76f5a0e6ac",
      "TransactionType": "Transfer",
      "TransactionDate": "2024-03-31",
      "TransactionTime": "12:00:00",
      "PriorBalance": 12350,
      "TransactionAmount": 800,
      "SourceAccountNumber": 14701154,
      "TargetAccountNumber": 14701154,
      "Description": "Transfer from checking to savings account-(TRANSFER)"
    },
    {
      "$id": "10",
      "TransactionId": "2c14939a-de56-4756-a5b1-8b14fb90700b",
      "TransactionType": "Transfer",
      "TransactionDate": "2024-06-10",
      "TransactionTime": "08:00:00",
      "PriorBalance": 13150,
      "TransactionAmount": 1400,
      "SourceAccountNumber": 14701154,
      "TargetAccountNumber": 14701154,
      "Description": "free overdraft protection-(TRANSFER)-(TRANSFER)"
    },
    {
      "$id": "11",
      "TransactionId": "69c95a9b-b23c-4b07-a210-1d3ebe46c6d8",
      "TransactionType": "Transfer",
      "TransactionDate": "2024-07-31",
      "TransactionTime": "12:00:00",
      "PriorBalance": 11750,
      "TransactionAmount": 900,
      "SourceAccountNumber": 14701154,
      "TargetAccountNumber": 14701154,
      "Description": "Transfer from checking to savings account-(TRANSFER)"
    },
    {
      "$id": "12",
      "TransactionId": "15c85bab-bb33-4e21-969c-45fe101a5e7f",
      "TransactionType": "Transfer",
      "TransactionDate": "2024-09-09",
      "TransactionTime": "08:00:00",
      "PriorBalance": 12650,
      "TransactionAmount": 1400,
      "SourceAccountNumber": 14701154,
      "TargetAccountNumber": 14701154,
      "Description": "free overdraft protection-(TRANSFER)-(TRANSFER)"
    },
    {
      "$id": "13",
      "TransactionId": "7c0ae7c0-a5a8-496c-8ffe-a870860664e2",
      "TransactionType": "Transfer",
      "TransactionDate": "2024-11-30",
      "TransactionTime": "12:00:00",
      "PriorBalance": 11250,
      "TransactionAmount": 900,
      "SourceAccountNumber": 14701154,
      "TargetAccountNumber": 14701154,
      "Description": "Transfer from checking to savings account-(TRANSFER)"
    },
    {
      "$id": "14",
      "TransactionId": "c4449602-f097-4938-ba24-319d1249df92",
      "TransactionType": "Transfer",
      "TransactionDate": "2024-12-14",
      "TransactionTime": "21:00:00",
      "PriorBalance": 12150,
      "TransactionAmount": 1169,
      "SourceAccountNumber": 14701154,
      "TargetAccountNumber": 14701154,
      "Description": "free overdraft protection-(TRANSFER)-(TRANSFER)"
    },
    {
      "$id": "15",
      "TransactionId": "f024d618-7819-4137-b448-981734e4c65c",
      "TransactionType": "Transfer",
      "TransactionDate": "2025-01-31",
      "TransactionTime": "12:00:00",
      "PriorBalance": 10981,
      "TransactionAmount": 800,
      "SourceAccountNumber": 14701154,
      "TargetAccountNumber": 14701154,
      "Description": "Transfer from checking to savings account-(TRANSFER)"
    }
  ]
}