{
  "$id": "1",
  "$values": [
    {
      "$id": "2",
      "TransactionId": "676d556f-a693-4def-8f7f-abbaf7f3c6e5",
      "TransactionType": "Transfer",
      "TransactionDate": "2023-02-28",
      "TransactionTime": "12:00:00",
      "PriorBalance": 15000,
      "TransactionAmount": 900,
      "SourceAccountNumber": 14701217,
      "TargetAccountNumber": 14701217,
      "Description": "Transfer from checking to savings account-(TRANSFER)"
    },
    {
      "$id": "3",
      "TransactionId": "efc4bb3b-2fc3-4ff1-901b-3596b03340c1",
      "TransactionType": "Transfer",
      "TransactionDate": "2023-03-31",
      "TransactionTime": "12:00:00",
      "PriorBalance": 15900,
      "TransactionAmount": 900,
      "SourceAccountNumber": 14701217,
      "TargetAccountNumber": 14701217,
      "Description": "Transfer from checking to savings account-(TRANSFER)"
    },
    {
      "$id": "4",
      "TransactionId": "19d79464-f4a6-4031-b40b-995bce9155c4",
      "TransactionType": "Transfer",
      "TransactionDate": "2023-04-30",
      "TransactionTime": "12:00:00",
      "PriorBalance": 16800,
      "TransactionAmount": 800,
      "SourceAccountNumber": 14701217,
      "TargetAccountNumber": 14701217,
      "Description": "Transfer from checking to savings account-(TRANSFER)"
    },
    {
      "$id": "5",
      "TransactionId": "9bbd0bd2-c1bc-4829-a694-93e6cd8007ca",
      "TransactionType": "Transfer",
      "TransactionDate": "2023-05-15",
      "TransactionTime": "08:00:00",
      "PriorBalance": 17600,
      "TransactionAmount": 1400,
      "SourceAccountNumber": 14701217,
      "TargetAccountNumber": 14701217,
      "Description": "free overdraft protection-(TRANSFER)-(TRANSFER)"
    },
    {
      "$id": "6",
      "TransactionId": "7f69f0e9-c353-4ffc-9cb5-23b183d88ca2",
      "TransactionType": "Transfer",
      "TransactionDate": "2023-06-30",
      "TransactionTime": "12:00:00",
      "PriorBalance": 16200,
      "TransactionAmount": 800,
      "SourceAccountNumber": 14701217,
      "TargetAccountNumber": 14701217,
      "Description": "Transfer from checking to savings account-(TRANSFER)"
    },
    {
      "$id": "7",
      "TransactionId": "3480262b-922c-430a-8ea5-1d23d3115c00",
      "TransactionType": "Transfer",
      "TransactionDate": "2023-08-14",
      "TransactionTime": "08:00:00",
      "PriorBalance": 17000,
      "TransactionAmount": 1400,
      "SourceAccountNumber": 14701217,
      "TargetAccountNumber": 14701217,
      "Description": "free overdraft protection-(TRANSFER)-(TRANSFER)"
    },
    {
      "$id": "8",
      "TransactionId": "3706da8e-290e-4e86-a2a3-2a8fe05fa054",
      "TransactionType": "Transfer",
      "TransactionDate": "2023-12-04",
      "TransactionTime": "08:00:00",
      "PriorBalance": 15600,
      "TransactionAmount": 1400,
      "SourceAccountNumber": 14701217,
      "TargetAccountNumber": 14701217,
      "Description": "free overdraft protection-(TRANSFER)-(TRANSFER)"
    },
    {
      "$id": "9",
      "TransactionId": "acf8a3a8-38d8-45df-9245-daa2476c1bc7",
      "TransactionType": "Transfer",
      "TransactionDate": "2024-01-31",
      "TransactionTime": "12:00:00",
      "PriorBalance": 14200,
      "TransactionAmount": 900,
      "SourceAccountNumber": 14701217,
      "TargetAccountNumber": 14701217,
      "Description": "Transfer from checking to savings account-(TRANSFER)"
    },
    {
      "$id": "10",
      "TransactionId": "19042276-e761-447a-aea7-5aa97e54a43a",
      "TransactionType": "Transfer",
      "TransactionDate": "2024-03-11",
      "TransactionTime": "08:00:00",
      "PriorBalance": 15100,
      "TransactionAmount": 1400,
      "SourceAccountNumber": 14701217,
      "TargetAccountNumber": 14701217,
      "Description": "free overdraft protection-(TRANSFER)-(TRANSFER)"
    },
    {
      "$id": "11",
      "TransactionId": "3f962c09-f2d4-49bb-8ef7-1762e32d8897",
      "TransactionType": "Transfer",
      "TransactionDate": "2024-04-30",
      "TransactionTime": "12:00:00",
      "PriorBalance": 13700,
      "TransactionAmount": 800,
      "SourceAccountNumber": 14701217,
      "TargetAccountNumber": 14701217,
      "Description": "Transfer from checking to savings account-(TRANSFER)"
    },
    {
      "$id": "12",
      "TransactionId": "4c8e4e5f-0181-43f3-a3b9-5effa97a7541",
      "TransactionType": "Transfer",
      "TransactionDate": "2024-06-30",
      "TransactionTime": "12:00:00",
      "PriorBalance": 14500,
      "TransactionAmount": 700,
      "SourceAccountNumber": 14701217,
      "TargetAccountNumber": 14701217,
      "Description": "Transfer from checking to savings account-(TRANSFER)"
    },
    {
      "$id": "13",
      "TransactionId": "022d6eda-1c5a-4763-afb3-7bd07a2003e5",
      "TransactionType": "Transfer",
      "TransactionDate": "2024-07-01",
      "TransactionTime": "12:00:00",
      "PriorBalance": 15200,
      "TransactionAmount": 4121.8,
      "SourceAccountNumber": 14701217,
      "TargetAccountNumber": 14701217,
      "Description": "free overdraft protection-(TRANSFER)-(TRANSFER)"
    },
    {
      "$id": "14",
      "TransactionId": "8ff7de86-cfbe-4736-88b9-fc03e3d032dc",
      "TransactionType": "Transfer",
      "TransactionDate": "2024-08-31",
      "TransactionTime": "12:00:00",
      "PriorBalance": 11078.2,
      "TransactionAmount": 700,
      "SourceAccountNumber": 14701217,
      "TargetAccountNumber": 14701217,
      "Description": "Transfer from checking to savings account-(TRANSFER)"
    },
    {
      "$id": "15",
      "TransactionId": "3e8aac5e-c7c9-4bc1-8405-d7fb7d2648c2",
      "TransactionType": "Transfer",
      "TransactionDate": "2024-09-30",
      "TransactionTime": "12:00:00",
      "PriorBalance": 11778.2,
      "TransactionAmount": 900,
      "SourceAccountNumber": 14701217,
      "TargetAccountNumber": 14701217,
      "Description": "Transfer from checking to savings account-(TRANSFER)"
    },
    {
      "$id": "16",
      "TransactionId": "c6a23066-2eae-49d9-9c85-fbf881b38d1e",
      "TransactionType": "Transfer",
      "TransactionDate": "2024-10-31",
      "TransactionTime": "12:00:00",
      "PriorBalance": 12678.2,
      "TransactionAmount": 800,
      "SourceAccountNumber": 14701217,
      "TargetAccountNumber": 14701217,
      "Description": "Transfer from checking to savings account-(TRANSFER)"
    },
    {
      "$id": "17",
      "TransactionId": "84e5bacc-80ec-4772-9cff-4b355036b1d3",
      "TransactionType": "Transfer",
      "TransactionDate": "2024-11-30",
      "TransactionTime": "12:00:00",
      "PriorBalance": 13478.2,
      "TransactionAmount": 900,
      "SourceAccountNumber": 14701217,
      "TargetAccountNumber": 14701217,
      "Description": "Transfer from checking to savings account-(TRANSFER)"
    },
    {
      "$id": "18",
      "TransactionId": "e68d32c2-d64e-4a3b-91cc-65ac4b112166",
      "TransactionType": "Transfer",
      "TransactionDate": "2024-12-16",
      "TransactionTime": "08:00:00",
      "PriorBalance": 14378.2,
      "TransactionAmount": 1400,
      "SourceAccountNumber": 14701217,
      "TargetAccountNumber": 14701217,
      "Description": "free overdraft protection-(TRANSFER)-(TRANSFER)"
    },
    {
      "$id": "19",
      "TransactionId": "686b3181-f368-4be8-abb4-1f9be133b54a",
      "TransactionType": "Transfer",
      "TransactionDate": "2025-01-31",
      "TransactionTime": "12:00:00",
      "PriorBalance": 12978.2,
      "TransactionAmount": 900,
      "SourceAccountNumber": 14701217,
      "TargetAccountNumber": 14701217,
      "Description": "Transfer from checking to savings account-(TRANSFER)"
    },
    {
      "$id": "20",
      "TransactionId": "66945c98-a62d-4d4a-adb2-03e4a025a63e",
      "TransactionType": "Transfer",
      "TransactionDate": "2025-02-28",
      "TransactionTime": "12:00:00",
      "PriorBalance": 13878.2,
      "TransactionAmount": 900,
      "SourceAccountNumber": 14701217,
      "TargetAccountNumber": 14701217,
      "Description": "Transfer from checking to savings account-(TRANSFER)"
    }
  ]
}