{
  "$id": "1",
  "$values": [
    {
      "$id": "2",
      "TransactionId": "390e5697-1d5b-4fdc-bf00-4baace50ae2c",
      "TransactionType": "Transfer",
      "TransactionDate": "2023-02-28",
      "TransactionTime": "12:00:00",
      "PriorBalance": 15000,
      "TransactionAmount": 800,
      "SourceAccountNumber": 14701244,
      "TargetAccountNumber": 14701244,
      "Description": "Transfer from checking to savings account-(TRANSFER)"
    },
    {
      "$id": "3",
      "TransactionId": "b33d2eef-9a83-49e6-949c-df3a41175318",
      "TransactionType": "Transfer",
      "TransactionDate": "2023-03-31",
      "TransactionTime": "12:00:00",
      "PriorBalance": 15800,
      "TransactionAmount": 900,
      "SourceAccountNumber": 14701244,
      "TargetAccountNumber": 14701244,
      "Description": "Transfer from checking to savings account-(TRANSFER)"
    },
    {
      "$id": "4",
      "TransactionId": "1df4eff3-7aa7-48be-9d2e-26d7e60e2ef3",
      "TransactionType": "Transfer",
      "TransactionDate": "2023-04-30",
      "TransactionTime": "12:00:00",
      "PriorBalance": 16700,
      "TransactionAmount": 700,
      "SourceAccountNumber": 14701244,
      "TargetAccountNumber": 14701244,
      "Description": "Transfer from checking to savings account-(TRANSFER)"
    },
    {
      "$id": "5",
      "TransactionId": "4e8ed37f-b8ef-4270-b720-e97e74750a06",
      "TransactionType": "Transfer",
      "TransactionDate": "2023-05-15",
      "TransactionTime": "08:00:00",
      "PriorBalance": 17400,
      "TransactionAmount": 1400,
      "SourceAccountNumber": 14701244,
      "TargetAccountNumber": 14701244,
      "Description": "free overdraft protection-(TRANSFER)-(TRANSFER)"
    },
    {
      "$id": "6",
      "TransactionId": "03ae327f-f41a-4d5f-98a7-8276428a5f79",
      "TransactionType": "Transfer",
      "TransactionDate": "2023-06-30",
      "TransactionTime": "12:00:00",
      "PriorBalance": 16000,
      "TransactionAmount": 800,
      "SourceAccountNumber": 14701244,
      "TargetAccountNumber": 14701244,
      "Description": "Transfer from checking to savings account-(TRANSFER)"
    },
    {
      "$id": "7",
      "TransactionId": "42cf50e7-eda3-43fd-9e24-af6e1770ee4f",
      "TransactionType": "Transfer",
      "TransactionDate": "2023-09-11",
      "TransactionTime": "08:00:00",
      "PriorBalance": 16800,
      "TransactionAmount": 1400,
      "SourceAccountNumber": 14701244,
      "TargetAccountNumber": 14701244,
      "Description": "free overdraft protection-(TRANSFER)-(TRANSFER)"
    },
    {
      "$id": "8",
      "TransactionId": "0ddab9c4-a818-464a-a2d3-a36f35aa913f",
      "TransactionType": "Transfer",
      "TransactionDate": "2024-01-13",
      "TransactionTime": "21:00:00",
      "PriorBalance": 15400,
      "TransactionAmount": 1195,
      "SourceAccountNumber": 14701244,
      "TargetAccountNumber": 14701244,
      "Description": "free overdraft protection-(TRANSFER)-(TRANSFER)"
    },
    {
      "$id": "9",
      "TransactionId": "f77e24aa-eaf3-4b09-b6cc-7a2b44c7ac75",
      "TransactionType": "Transfer",
      "TransactionDate": "2024-05-31",
      "TransactionTime": "12:00:00",
      "PriorBalance": 14205,
      "TransactionAmount": 900,
      "SourceAccountNumber": 14701244,
      "TargetAccountNumber": 14701244,
      "Description": "Transfer from checking to savings account-(TRANSFER)"
    },
    {
      "$id": "10",
      "TransactionId": "5fc9c605-ff9a-4610-88aa-85b67cf3322b",
      "TransactionType": "Transfer",
      "TransactionDate": "2024-07-15",
      "TransactionTime": "08:00:00",
      "PriorBalance": 15105,
      "TransactionAmount": 1400,
      "SourceAccountNumber": 14701244,
      "TargetAccountNumber": 14701244,
      "Description": "free overdraft protection-(TRANSFER)-(TRANSFER)"
    },
    {
      "$id": "11",
      "TransactionId": "6a7c5452-fea4-47c5-bb03-a8dcc998eece",
      "TransactionType": "Transfer",
      "TransactionDate": "2024-08-31",
      "TransactionTime": "12:00:00",
      "PriorBalance": 13705,
      "TransactionAmount": 800,
      "SourceAccountNumber": 14701244,
      "TargetAccountNumber": 14701244,
      "Description": "Transfer from checking to savings account-(TRANSFER)"
    },
    {
      "$id": "12",
      "TransactionId": "7f6926f0-ae8a-477c-9e75-cfc9d8431086",
      "TransactionType": "Transfer",
      "TransactionDate": "2024-11-04",
      "TransactionTime": "08:00:00",
      "PriorBalance": 14505,
      "TransactionAmount": 1400,
      "SourceAccountNumber": 14701244,
      "TargetAccountNumber": 14701244,
      "Description": "free overdraft protection-(TRANSFER)-(TRANSFER)"
    },
    {
      "$id": "13",
      "TransactionId": "f6048b5b-589c-464a-bc4e-3e70764bd195",
      "TransactionType": "Transfer",
      "TransactionDate": "2025-02-28",
      "TransactionTime": "12:00:00",
      "PriorBalance": 13105,
      "TransactionAmount": 800,
      "SourceAccountNumber": 14701244,
      "TargetAccountNumber": 14701244,
      "Description": "Transfer from checking to savings account-(TRANSFER)"
    }
  ]
}