{
  "$id": "1",
  "$values": [
    {
      "$id": "2",
      "TransactionId": "5238228b-e4c1-43df-9f57-b6bcbafc4b1d",
      "TransactionType": "Transfer",
      "TransactionDate": "2023-02-28",
      "TransactionTime": "12:00:00",
      "PriorBalance": 15000,
      "TransactionAmount": 900,
      "SourceAccountNumber": 14701205,
      "TargetAccountNumber": 14701205,
      "Description": "Transfer from checking to savings account-(TRANSFER)"
    },
    {
      "$id": "3",
      "TransactionId": "5d94bb29-a53b-4f41-a97b-6ba4b3eb363c",
      "TransactionType": "Transfer",
      "TransactionDate": "2023-03-31",
      "TransactionTime": "12:00:00",
      "PriorBalance": 15900,
      "TransactionAmount": 900,
      "SourceAccountNumber": 14701205,
      "TargetAccountNumber": 14701205,
      "Description": "Transfer from checking to savings account-(TRANSFER)"
    },
    {
      "$id": "4",
      "TransactionId": "45c8dba1-de0f-4730-bdf2-51546e03e4b4",
      "TransactionType": "Transfer",
      "TransactionDate": "2023-04-30",
      "TransactionTime": "12:00:00",
      "PriorBalance": 16800,
      "TransactionAmount": 800,
      "SourceAccountNumber": 14701205,
      "TargetAccountNumber": 14701205,
      "Description": "Transfer from checking to savings account-(TRANSFER)"
    },
    {
      "$id": "5",
      "TransactionId": "9301242a-3645-44bd-b84e-76b4740f6a23",
      "TransactionType": "Transfer",
      "TransactionDate": "2023-07-10",
      "TransactionTime": "08:00:00",
      "PriorBalance": 17600,
      "TransactionAmount": 1400,
      "SourceAccountNumber": 14701205,
      "TargetAccountNumber": 14701205,
      "Description": "free overdraft protection-(TRANSFER)-(TRANSFER)"
    },
    {
      "$id": "6",
      "TransactionId": "67fcc083-7f35-4656-8b75-c321b8b76a20",
      "TransactionType": "Transfer",
      "TransactionDate": "2023-10-09",
      "TransactionTime": "08:00:00",
      "PriorBalance": 16200,
      "TransactionAmount": 1400,
      "SourceAccountNumber": 14701205,
      "TargetAccountNumber": 14701205,
      "Description": "free overdraft protection-(TRANSFER)-(TRANSFER)"
    },
    {
      "$id": "7",
      "TransactionId": "6dc2b100-44d6-43e4-ba8b-40aeda0c62d0",
      "TransactionType": "Transfer",
      "TransactionDate": "2023-11-30",
      "TransactionTime": "12:00:00",
      "PriorBalance": 14800,
      "TransactionAmount": 800,
      "SourceAccountNumber": 14701205,
      "TargetAccountNumber": 14701205,
      "Description": "Transfer from checking to savings account-(TRANSFER)"
    },
    {
      "$id": "8",
      "TransactionId": "4ecaf1b2-9c5e-43e6-923f-98508f4fdd5f",
      "TransactionType": "Transfer",
      "TransactionDate": "2024-01-15",
      "TransactionTime": "08:00:00",
      "PriorBalance": 15600,
      "TransactionAmount": 1400,
      "SourceAccountNumber": 14701205,
      "TargetAccountNumber": 14701205,
      "Description": "free overdraft protection-(TRANSFER)-(TRANSFER)"
    },
    {
      "$id": "9",
      "TransactionId": "b9c19799-c083-4544-b785-cdc9a0942f8d",
      "TransactionType": "Transfer",
      "TransactionDate": "2024-02-29",
      "TransactionTime": "12:00:00",
      "PriorBalance": 14200,
      "TransactionAmount": 900,
      "SourceAccountNumber": 14701205,
      "TargetAccountNumber": 14701205,
      "Description": "Transfer from checking to savings account-(TRANSFER)"
    },
    {
      "$id": "10",
      "TransactionId": "7ae869e0-505b-49e6-9806-e95c089bd7db",
      "TransactionType": "Transfer",
      "TransactionDate": "2024-04-15",
      "TransactionTime": "08:00:00",
      "PriorBalance": 15100,
      "TransactionAmount": 1400,
      "SourceAccountNumber": 14701205,
      "TargetAccountNumber": 14701205,
      "Description": "free overdraft protection-(TRANSFER)-(TRANSFER)"
    },
    {
      "$id": "11",
      "TransactionId": "cd11b15b-8dc8-450d-9853-4f1d8e6552b7",
      "TransactionType": "Transfer",
      "TransactionDate": "2024-05-31",
      "TransactionTime": "12:00:00",
      "PriorBalance": 13700,
      "TransactionAmount": 700,
      "SourceAccountNumber": 14701205,
      "TargetAccountNumber": 14701205,
      "Description": "Transfer from checking to savings account-(TRANSFER)"
    },
    {
      "$id": "12",
      "TransactionId": "af3fca0e-872e-4a29-a8c9-18b5e7f07544",
      "TransactionType": "Transfer",
      "TransactionDate": "2024-09-16",
      "TransactionTime": "08:00:00",
      "PriorBalance": 14400,
      "TransactionAmount": 1400,
      "SourceAccountNumber": 14701205,
      "TargetAccountNumber": 14701205,
      "Description": "free overdraft protection-(TRANSFER)-(TRANSFER)"
    },
    {
      "$id": "13",
      "TransactionId": "7bc9d41b-4343-416d-9faf-2e086eb02e47",
      "TransactionType": "Transfer",
      "TransactionDate": "2024-12-16",
      "TransactionTime": "08:00:00",
      "PriorBalance": 13000,
      "TransactionAmount": 1400,
      "SourceAccountNumber": 14701205,
      "TargetAccountNumber": 14701205,
      "Description": "free overdraft protection-(TRANSFER)-(TRANSFER)"
    },
    {
      "$id": "14",
      "TransactionId": "8cb51d9e-931d-4243-b282-221b4471d9b7",
      "TransactionType": "Transfer",
      "TransactionDate": "2025-02-10",
      "TransactionTime": "12:00:00",
      "PriorBalance": 11600,
      "TransactionAmount": 1050,
      "SourceAccountNumber": 14701205,
      "TargetAccountNumber": 14701205,
      "Description": "free overdraft protection-(TRANSFER)-(TRANSFER)"
    }
  ]
}