{
  "ApprovedNames": [
    { "FirstName": "Elize", "LastName": "Harmsen" },
    { "FirstName": "Mattia", "LastName": "Trentini" },
    { "FirstName": "Peter", "LastName": "Zammit" },
    { "FirstName": "Lennart", "LastName": "Kangur" },
    { "FirstName": "Erik", "LastName": "Valjas" },
    { "FirstName": "Nedelya", "LastName": "Grigorova" },
    { "FirstName": "Anette", "LastName": "Thomsen" },
    { "FirstName": "Kasper", "LastName": "Frisk" },
    { "FirstName": "Niki", "LastName": "Demetriou" },
    { "FirstName": "Janez", "LastName": "Horvat" },
    { "FirstName": "Petros", "LastName": "Doudis" },
    { "FirstName": "Ivan", "LastName": "Krajnc" },
    { "FirstName": "Cao", "LastName": "Huy" },
    { "FirstName": "Phung", "LastName": "Hang" },
    { "FirstName": "Gil", "LastName": "Gabbai" },
    { "FirstName": "Maya", "LastName": "Meyerson" },
    { "FirstName": "Suttida", "LastName": "Bunyasarn" },
    { "FirstName": "Akkarat", "LastName": "Leelapun" },
    { "FirstName": "Julia", "LastName": "Linares" },
    { "FirstName": "Larissa", "LastName": "Sevilla" },
    { "FirstName": "Renata", "LastName": "Amaya" },
    { "FirstName": "Federico", "LastName": "Tercedor" },
    { "FirstName": "Sergio", "LastName": "Valladares" },
    { "FirstName": "Tatiana", "LastName": "Seleznyova" },
    { "FirstName": "Vitaly", "LastName": "Toporov" },
    { "FirstName": "Chingfan", "LastName": "Chou" },
    { "FirstName": "Lai", "LastName": "Chou" },
    { "FirstName": "Ethan", "LastName": "Brooks" },
    { "FirstName": "Hannah", "LastName": "Haynes" },
    { "FirstName": "Staffan", "LastName": "Bergqvist" },
    { "FirstName": "Anna", "LastName": "Hedlund" },
    { "FirstName": "Afshin", "LastName": "Behzadi" },
    { "FirstName": "Elaheh", "LastName": "Mansouri" },
    { "FirstName": "Rayna", "LastName": "Bacheva" },
    { "FirstName": "Milena", "LastName": "Stoichkova" },
    { "FirstName": "Rayko", "LastName": "Dimitrov" },
    { "FirstName": "Saki", "LastName": "Yoshida" },
    { "FirstName": "Jun", "LastName": "Uchida" },
    { "FirstName": "Hannah", "LastName": "Weber" },
    { "FirstName": "Conrad", "LastName": "Nuber" },
    { "FirstName": "Erna", "LastName": "Nilsson" },
    { "FirstName": "Viktor", "LastName": "Magnusson" },
    { "FirstName": "Genevieve", "LastName": "Arcouet" },
    { "FirstName": "Alain", "LastName": "Davignon" },
    { "FirstName": "Danielle", "LastName": "Brasseur" },
    { "FirstName": "Claude", "LastName": "Aupry" },
    { "FirstName": "Chung-Ae", "LastName": "Ryang" },
    { "FirstName": "Bong-Jin", "LastName": "Lee" },
    { "FirstName": "Faruk", "LastName": "Keskin" },
    { "FirstName": "Yasemin", "LastName": "Ozkan" }
  ]
}